pair_id,cover,secret,cover_source,secret_source,cover_rights_status,secret_rights_status,cover_license,secret_license,preprocessing_id,redistribution_allowed,private_archive_object_id,notes
coco-000000170099-000000214205,covers/coco-000000170099-000000214205.png,secrets/coco-000000170099-000000214205.png,COCO 2017 val image 170099 | http://images.cocodataset.org/val2017/000000170099.jpg | Flickr http://farm3.staticflickr.com/2280/1812763231_06381c802c_z.jpg,COCO 2017 val image 214205 | http://images.cocodataset.org/val2017/000000214205.jpg | Flickr http://farm7.staticflickr.com/6105/6349058853_36de894aa1_z.jpg,redistribution_permitted,redistribution_permitted,CC BY 2.0 http://creativecommons.org/licenses/by/2.0/,CC BY 2.0 http://creativecommons.org/licenses/by/2.0/,coco2017-val-centerfit-bicubic-pillowL-v1,true,,"COCO source SHA256 cover=f2a5b87c4a5249e6b7c27fac24fb1e2994ebe22fe2a2f205f33893965c64b2b9 secret=20470118cd1429a1b81bb88fdf9289e21f936e1ce5d717ea1b353dc12072978d; deterministic center-fit, Pillow L conversion, bicubic resize"
coco-000000188465-000000167128,covers/coco-000000188465-000000167128.png,secrets/coco-000000188465-000000167128.png,COCO 2017 val image 188465 | http://images.cocodataset.org/val2017/000000188465.jpg | Flickr http://farm5.staticflickr.com/4034/4593328722_80576636ed_z.jpg,COCO 2017 val image 167128 | http://images.cocodataset.org/val2017/000000167128.jpg | Flickr http://farm5.staticflickr.com/4017/4538485332_b7c4cb664c_z.jpg,redistribution_permitted,redistribution_permitted,CC BY 2.0 http://creativecommons.org/licenses/by/2.0/,CC BY 2.0 http://creativecommons.org/licenses/by/2.0/,coco2017-val-centerfit-bicubic-pillowL-v1,true,,"COCO source SHA256 cover=2d2becf3e4af9c2d3102edf1b37560f5305cf2b99c96e481e2f5ea6bc8c2aab5 secret=35f0372aa2dca6a117e1733fbe5192584cf559bd5af8b8f9e599ef6bdef8f76b; deterministic center-fit, Pillow L conversion, bicubic resize"
coco-000000270908-000000542856,covers/coco-000000270908-000000542856.png,secrets/coco-000000270908-000000542856.png,COCO 2017 val image 270908 | http://images.cocodataset.org/val2017/000000270908.jpg | Flickr http://farm4.staticflickr.com/3474/3875628760_a9c353f71a_z.jpg,COCO 2017 val image 542856 | http://images.cocodataset.org/val2017/000000542856.jpg | Flickr http://farm9.staticflickr.com/8285/7826926496_3aa9e9d112_z.jpg,redistribution_permitted,redistribution_permitted,CC BY 2.0 http://creativecommons.org/licenses/by/2.0/,CC BY 2.0 http://creativecommons.org/licenses/by/2.0/,coco2017-val-centerfit-bicubic-pillowL-v1,true,,"COCO source SHA256 cover=65bb8aa5f5d9824ec94e17911f26d6fd13bf70ff1c5756cc61fe09cfcd308618 secret=9bd2d9be44355c59e3599f1f5ddcfc06bf8209a0f24b655538e891ae6a4b3fcf; deterministic center-fit, Pillow L conversion, bicubic resize"
coco-000000551304-000000094336,covers/coco-000000551304-000000094336.png,secrets/coco-000000551304-000000094336.png,COCO 2017 val image 551304 | http://images.cocodataset.org/val2017/000000551304.jpg | Flickr http://farm5.staticflickr.com/4023/4680625662_e7b56e1576_z.jpg,COCO 2017 val image 94336 | http://images.cocodataset.org/val2017/000000094336.jpg | Flickr http://farm4.staticflickr.com/3110/2412271569_4e03bbb349_z.jpg,redistribution_permitted,redistribution_permitted,CC BY 2.0 http://creativecommons.org/licenses/by/2.0/,CC BY 2.0 http://creativecommons.org/licenses/by/2.0/,coco2017-val-centerfit-bicubic-pillowL-v1,true,,"COCO source SHA256 cover=ea9ba651ef58aa6901a9cffcf2c86768809d38ea0537ad20625d5b4508486b88 secret=147bfe5b064eea4fb43be7189fe9c3f9b4ef770ca20f698668f66834eed454db; deterministic center-fit, Pillow L conversion, bicubic resize"
coco-000000210299-000000511599,covers/coco-000000210299-000000511599.png,secrets/coco-000000210299-000000511599.png,COCO 2017 val image 210299 | http://images.cocodataset.org/val2017/000000210299.jpg | Flickr http://farm7.staticflickr.com/6199/6207968507_effbfb5a1f_z.jpg,COCO 2017 val image 511599 | http://images.cocodataset.org/val2017/000000511599.jpg | Flickr http://farm5.staticflickr.com/4127/5057922539_44be49d73a_z.jpg,redistribution_permitted,redistribution_permitted,CC BY 2.0 http://creativecommons.org/licenses/by/2.0/,CC BY 2.0 http://creativecommons.org/licenses/by/2.0/,coco2017-val-centerfit-bicubic-pillowL-v1,true,,"COCO source SHA256 cover=dbdcbb432c918d11747928a3eb0d80498b9cc52087b5fe515e17b3cffb7e8240 secret=f2de24fb69d55624946a215c565eeb8b5b83dc1e88f127c2d84270f764de8903; deterministic center-fit, Pillow L conversion, bicubic resize"
coco-000000284725-000000389532,covers/coco-000000284725-000000389532.png,secrets/coco-000000284725-000000389532.png,COCO 2017 val image 284725 | http://images.cocodataset.org/val2017/000000284725.jpg | Flickr http://farm8.staticflickr.com/7375/9766932005_d859b2b6da_z.jpg,COCO 2017 val image 389532 | http://images.cocodataset.org/val2017/000000389532.jpg | Flickr http://farm8.staticflickr.com/7288/9496990496_470806b95e_z.jpg,redistribution_permitted,redistribution_permitted,CC BY 2.0 http://creativecommons.org/licenses/by/2.0/,CC BY 2.0 http://creativecommons.org/licenses/by/2.0/,coco2017-val-centerfit-bicubic-pillowL-v1,true,,"COCO source SHA256 cover=10ab8075df3cd9e3344d12fbb764a3c977e809bd06726649b686dd68abcbdf07 secret=dbbd71bdca1e21d52a9e0ec34d0ed68141e45ab804e67d5adefa392b00378b98; deterministic center-fit, Pillow L conversion, bicubic resize"
coco-000000531036-000000089556,covers/coco-000000531036-000000089556.png,secrets/coco-000000531036-000000089556.png,COCO 2017 val image 531036 | http://images.cocodataset.org/val2017/000000531036.jpg | Flickr http://farm8.staticflickr.com/7288/8740762571_0849912a06_z.jpg,COCO 2017 val image 89556 | http://images.cocodataset.org/val2017/000000089556.jpg | Flickr http://farm7.staticflickr.com/6093/6210323230_57fab50c4b_z.jpg,redistribution_permitted,redistribution_permitted,CC BY 2.0 http://creativecommons.org/licenses/by/2.0/,CC BY 2.0 http://creativecommons.org/licenses/by/2.0/,coco2017-val-centerfit-bicubic-pillowL-v1,true,,"COCO source SHA256 cover=79be9c405b3ce4d2eea61fc29b0e1e633504fbeebee6483d64dfb38b1dd844a5 secret=b78eb0eb1250b86210658687ff5063428e0cbff2858d4e07d8dee107ae1964f8; deterministic center-fit, Pillow L conversion, bicubic resize"
coco-000000083540-000000161875,covers/coco-000000083540-000000161875.png,secrets/coco-000000083540-000000161875.png,COCO 2017 val image 83540 | http://images.cocodataset.org/val2017/000000083540.jpg | Flickr http://farm4.staticflickr.com/3585/3410597213_ae8d3e9765_z.jpg,COCO 2017 val image 161875 | http://images.cocodataset.org/val2017/000000161875.jpg | Flickr http://farm9.staticflickr.com/8095/8424253224_c62e5479c8_z.jpg,redistribution_permitted,redistribution_permitted,CC BY 2.0 http://creativecommons.org/licenses/by/2.0/,CC BY 2.0 http://creativecommons.org/licenses/by/2.0/,coco2017-val-centerfit-bicubic-pillowL-v1,true,,"COCO source SHA256 cover=7fb101573bc859a0ec171c09e924d6ec39c92205de5572dd9068486ccb5d80cd secret=76dace8890923f2712afb6211331f1a73173ad0e03c1394b4a04342f11daedbd; deterministic center-fit, Pillow L conversion, bicubic resize"
coco-000000166165-000000213033,covers/coco-000000166165-000000213033.png,secrets/coco-000000166165-000000213033.png,COCO 2017 val image 166165 | http://images.cocodataset.org/val2017/000000166165.jpg | Flickr http://farm5.staticflickr.com/4149/5018726736_c0b5939690_z.jpg,COCO 2017 val image 213033 | http://images.cocodataset.org/val2017/000000213033.jpg | Flickr http://farm8.staticflickr.com/7432/9152238734_d0dd381aa5_z.jpg,redistribution_permitted,redistribution_permitted,CC BY 2.0 http://creativecommons.org/licenses/by/2.0/,CC BY 2.0 http://creativecommons.org/licenses/by/2.0/,coco2017-val-centerfit-bicubic-pillowL-v1,true,,"COCO source SHA256 cover=9af70d781b5b0326a360917a64c13df5155f54252918b650d3c24049abc34078 secret=73a97cb8eceb57e2b1872b7470a11c6e5abb2c03173bd4ce94a45c0d096ae5ea; deterministic center-fit, Pillow L conversion, bicubic resize"
coco-000000286523-000000353518,covers/coco-000000286523-000000353518.png,secrets/coco-000000286523-000000353518.png,COCO 2017 val image 286523 | http://images.cocodataset.org/val2017/000000286523.jpg | Flickr http://farm4.staticflickr.com/3272/2646617772_52272c12bf_z.jpg,COCO 2017 val image 353518 | http://images.cocodataset.org/val2017/000000353518.jpg | Flickr http://farm4.staticflickr.com/3613/3416975716_bf15066363_z.jpg,redistribution_permitted,redistribution_permitted,CC BY 2.0 http://creativecommons.org/licenses/by/2.0/,CC BY 2.0 http://creativecommons.org/licenses/by/2.0/,coco2017-val-centerfit-bicubic-pillowL-v1,true,,"COCO source SHA256 cover=909be1226454ad633c9a15237b6a86806452c77b40c0d478afaed61a54fd05fc secret=21061522030b6c364311f8ce410c13e5c37e1b62d33ff240c7417edb9754d423; deterministic center-fit, Pillow L conversion, bicubic resize"
coco-000000479126-000000199771,covers/coco-000000479126-000000199771.png,secrets/coco-000000479126-000000199771.png,COCO 2017 val image 479126 | http://images.cocodataset.org/val2017/000000479126.jpg | Flickr http://farm6.staticflickr.com/5189/5734725144_37742ab51b_z.jpg,COCO 2017 val image 199771 | http://images.cocodataset.org/val2017/000000199771.jpg | Flickr http://farm6.staticflickr.com/5035/7115744429_7d4deeb996_z.jpg,redistribution_permitted,redistribution_permitted,CC BY 2.0 http://creativecommons.org/licenses/by/2.0/,CC BY 2.0 http://creativecommons.org/licenses/by/2.0/,coco2017-val-centerfit-bicubic-pillowL-v1,true,,"COCO source SHA256 cover=a64293cb5d4bfa0b1e6e1c0603f7a4f9892afd90f353c9ed0b250449818d5d36 secret=060235d75ac8a669d705e7685f73f53a09da291583f45faf45ac4ac1dbab4388; deterministic center-fit, Pillow L conversion, bicubic resize"
coco-000000322211-000000495448,covers/coco-000000322211-000000495448.png,secrets/coco-000000322211-000000495448.png,COCO 2017 val image 322211 | http://images.cocodataset.org/val2017/000000322211.jpg | Flickr http://farm5.staticflickr.com/4044/5130573580_90d6b58622_z.jpg,COCO 2017 val image 495448 | http://images.cocodataset.org/val2017/000000495448.jpg | Flickr http://farm8.staticflickr.com/7369/9678307057_4d7bc4aaa4_z.jpg,redistribution_permitted,redistribution_permitted,CC BY 2.0 http://creativecommons.org/licenses/by/2.0/,CC BY 2.0 http://creativecommons.org/licenses/by/2.0/,coco2017-val-centerfit-bicubic-pillowL-v1,true,,"COCO source SHA256 cover=2f32c98ccbfe199870718d9ee9c32927213e05221dfe57b2810a34bc057612e7 secret=048eaf322b75935f7441845d441567d55ebcedea1a1c9f3cbe628b35bb01120d; deterministic center-fit, Pillow L conversion, bicubic resize"
coco-000000183246-000000322944,covers/coco-000000183246-000000322944.png,secrets/coco-000000183246-000000322944.png,COCO 2017 val image 183246 | http://images.cocodataset.org/val2017/000000183246.jpg | Flickr http://farm3.staticflickr.com/2259/2469205788_1473198ae0_z.jpg,COCO 2017 val image 322944 | http://images.cocodataset.org/val2017/000000322944.jpg | Flickr http://farm9.staticflickr.com/8519/8577206423_cbffa5d62e_z.jpg,redistribution_permitted,redistribution_permitted,CC BY 2.0 http://creativecommons.org/licenses/by/2.0/,CC BY 2.0 http://creativecommons.org/licenses/by/2.0/,coco2017-val-centerfit-bicubic-pillowL-v1,true,,"COCO source SHA256 cover=25d6c62b5ee245a99b98de1f078ab5d827c6737dfe11c60815955146604b6e7b secret=e6d515c49bbe04c1d53601fd618bd4bf2b20b58ddfc8f6d80a6559f6536c59d1; deterministic center-fit, Pillow L conversion, bicubic resize"
coco-000000067896-000000374545,covers/coco-000000067896-000000374545.png,secrets/coco-000000067896-000000374545.png,COCO 2017 val image 67896 | http://images.cocodataset.org/val2017/000000067896.jpg | Flickr http://farm9.staticflickr.com/8442/7997145503_9c5e040b00_z.jpg,COCO 2017 val image 374545 | http://images.cocodataset.org/val2017/000000374545.jpg | Flickr http://farm1.staticflickr.com/184/451764136_e652115475_z.jpg,redistribution_permitted,redistribution_permitted,CC BY 2.0 http://creativecommons.org/licenses/by/2.0/,CC BY 2.0 http://creativecommons.org/licenses/by/2.0/,coco2017-val-centerfit-bicubic-pillowL-v1,true,,"COCO source SHA256 cover=41dd62010a54964537df22befdf97aab83979ffc406c89909f8eac8075841497 secret=5bd3a0dd61acf24e577cedc61b2a60f283f16ca90cdf1664052ba62603f8428e; deterministic center-fit, Pillow L conversion, bicubic resize"
coco-000000415882-000000236426,covers/coco-000000415882-000000236426.png,secrets/coco-000000415882-000000236426.png,COCO 2017 val image 415882 | http://images.cocodataset.org/val2017/000000415882.jpg | Flickr http://farm3.staticflickr.com/2863/9433121554_a89e42c996_z.jpg,COCO 2017 val image 236426 | http://images.cocodataset.org/val2017/000000236426.jpg | Flickr http://farm4.staticflickr.com/3432/3897473363_7f0d22165f_z.jpg,redistribution_permitted,redistribution_permitted,CC BY 2.0 http://creativecommons.org/licenses/by/2.0/,CC BY 2.0 http://creativecommons.org/licenses/by/2.0/,coco2017-val-centerfit-bicubic-pillowL-v1,true,,"COCO source SHA256 cover=7d0e069b095e8611362263baac6905e447882dd04e128fd83e85307b733fb753 secret=477054c151b504918e9e395a45b2cbc1ea8f0272ff61f68cc242da1609f11359; deterministic center-fit, Pillow L conversion, bicubic resize"
coco-000000022705-000000343315,covers/coco-000000022705-000000343315.png,secrets/coco-000000022705-000000343315.png,COCO 2017 val image 22705 | http://images.cocodataset.org/val2017/000000022705.jpg | Flickr http://farm3.staticflickr.com/2338/1940631815_acd4f4458e_z.jpg,COCO 2017 val image 343315 | http://images.cocodataset.org/val2017/000000343315.jpg | Flickr http://farm7.staticflickr.com/6191/6036538152_47397ac96d_z.jpg,redistribution_permitted,redistribution_permitted,CC BY 2.0 http://creativecommons.org/licenses/by/2.0/,CC BY 2.0 http://creativecommons.org/licenses/by/2.0/,coco2017-val-centerfit-bicubic-pillowL-v1,true,,"COCO source SHA256 cover=01627a2e4b79593b0debcffcdcf9b6c795d0d9e71aa2a3e9e22a9db05a70bc85 secret=b094313886932ec44a42f09bb1d24452abfdac6340111e55395db104d9c07737; deterministic center-fit, Pillow L conversion, bicubic resize"
coco-000000229753-000000434297,covers/coco-000000229753-000000434297.png,secrets/coco-000000229753-000000434297.png,COCO 2017 val image 229753 | http://images.cocodataset.org/val2017/000000229753.jpg | Flickr http://farm4.staticflickr.com/3271/2787713866_34ab4ca3d3_z.jpg,COCO 2017 val image 434297 | http://images.cocodataset.org/val2017/000000434297.jpg | Flickr http://farm5.staticflickr.com/4104/5194394266_cfbf249956_z.jpg,redistribution_permitted,redistribution_permitted,CC BY 2.0 http://creativecommons.org/licenses/by/2.0/,CC BY 2.0 http://creativecommons.org/licenses/by/2.0/,coco2017-val-centerfit-bicubic-pillowL-v1,true,,"COCO source SHA256 cover=b7d09aae69159a63043f445b77863a6a1949f01c9560cfdf7e0a150556ee1ec7 secret=1d8845dab875af4f2893ebfa3e89c7346c77274efdfe3c7d71c7ae06ccd0ae30; deterministic center-fit, Pillow L conversion, bicubic resize"
coco-000000315492-000000492282,covers/coco-000000315492-000000492282.png,secrets/coco-000000315492-000000492282.png,COCO 2017 val image 315492 | http://images.cocodataset.org/val2017/000000315492.jpg | Flickr http://farm9.staticflickr.com/8360/8286443047_b2755b5948_z.jpg,COCO 2017 val image 492282 | http://images.cocodataset.org/val2017/000000492282.jpg | Flickr http://farm4.staticflickr.com/3086/2567250393_eb51096d65_z.jpg,redistribution_permitted,redistribution_permitted,CC BY 2.0 http://creativecommons.org/licenses/by/2.0/,CC BY 2.0 http://creativecommons.org/licenses/by/2.0/,coco2017-val-centerfit-bicubic-pillowL-v1,true,,"COCO source SHA256 cover=9d47be6fd48e9a2de54930ebee7514df920d9cebf38bafee643e76a58798013d secret=9d3f32bb93adf432173ff294315d7632e8a9947b40650d0e8480e0c95216ab8c; deterministic center-fit, Pillow L conversion, bicubic resize"
coco-000000252219-000000292005,covers/coco-000000252219-000000292005.png,secrets/coco-000000252219-000000292005.png,COCO 2017 val image 252219 | http://images.cocodataset.org/val2017/000000252219.jpg | Flickr http://farm4.staticflickr.com/3446/3232237447_13d84bd0a1_z.jpg,COCO 2017 val image 292005 | http://images.cocodataset.org/val2017/000000292005.jpg | Flickr http://farm5.staticflickr.com/4111/5056263040_d7a8a38df7_z.jpg,redistribution_permitted,redistribution_permitted,CC BY 2.0 http://creativecommons.org/licenses/by/2.0/,CC BY 2.0 http://creativecommons.org/licenses/by/2.0/,coco2017-val-centerfit-bicubic-pillowL-v1,true,,"COCO source SHA256 cover=1cf48bddb1bcab80d9f4d18514ae438c3e4f57d18e80c4fbea9d5d22396f514a secret=eb999ee83cd9d5a9bdc0f3ded8e37ddf18d4b00525cd70c7a471dd5c79a5c432; deterministic center-fit, Pillow L conversion, bicubic resize"
coco-000000306893-000000255965,covers/coco-000000306893-000000255965.png,secrets/coco-000000306893-000000255965.png,COCO 2017 val image 306893 | http://images.cocodataset.org/val2017/000000306893.jpg | Flickr http://farm3.staticflickr.com/2320/1716567943_1543348c2e_z.jpg,COCO 2017 val image 255965 | http://images.cocodataset.org/val2017/000000255965.jpg | Flickr http://farm7.staticflickr.com/6094/6277341642_28ebd749f2_z.jpg,redistribution_permitted,redistribution_permitted,CC BY 2.0 http://creativecommons.org/licenses/by/2.0/,CC BY 2.0 http://creativecommons.org/licenses/by/2.0/,coco2017-val-centerfit-bicubic-pillowL-v1,true,,"COCO source SHA256 cover=3314e549507b84baf5d46ee1d042f32865b45e4b382f600445408bb00b7bda7d secret=c0b097a4efe69c75afd2e8e9552c0c112b17dfded7c8dfa314876790fc1ee8e8; deterministic center-fit, Pillow L conversion, bicubic resize"
coco-000000263644-000000345356,covers/coco-000000263644-000000345356.png,secrets/coco-000000263644-000000345356.png,COCO 2017 val image 263644 | http://images.cocodataset.org/val2017/000000263644.jpg | Flickr http://farm8.staticflickr.com/7276/7857205982_aecc8b8a38_z.jpg,COCO 2017 val image 345356 | http://images.cocodataset.org/val2017/000000345356.jpg | Flickr http://farm1.staticflickr.com/58/195983274_6fb2676229_z.jpg,redistribution_permitted,redistribution_permitted,CC BY 2.0 http://creativecommons.org/licenses/by/2.0/,CC BY 2.0 http://creativecommons.org/licenses/by/2.0/,coco2017-val-centerfit-bicubic-pillowL-v1,true,,"COCO source SHA256 cover=2a17dee4b96d83938c0d8880b53bb4a898e973a4c6806cbf7dbf21d9f40eee89 secret=6747504c0e3c993e6bf493a19bbd343e65685b2bfcd656302f1d5ab828c2a109; deterministic center-fit, Pillow L conversion, bicubic resize"
coco-000000119445-000000358195,covers/coco-000000119445-000000358195.png,secrets/coco-000000119445-000000358195.png,COCO 2017 val image 119445 | http://images.cocodataset.org/val2017/000000119445.jpg | Flickr http://farm4.staticflickr.com/3098/3225259967_8e1c2723c4_z.jpg,COCO 2017 val image 358195 | http://images.cocodataset.org/val2017/000000358195.jpg | Flickr http://farm3.staticflickr.com/2749/4222767499_919d266f71_z.jpg,redistribution_permitted,redistribution_permitted,CC BY 2.0 http://creativecommons.org/licenses/by/2.0/,CC BY 2.0 http://creativecommons.org/licenses/by/2.0/,coco2017-val-centerfit-bicubic-pillowL-v1,true,,"COCO source SHA256 cover=ef9c63a81758fdcbc4351eac736014c63e6677387051351771ed7183b55daa5d secret=6130b647946095659a441922ce1a47e32cfb0d8db65fc00ed67ce1acac83524d; deterministic center-fit, Pillow L conversion, bicubic resize"
coco-000000440336-000000403385,covers/coco-000000440336-000000403385.png,secrets/coco-000000440336-000000403385.png,COCO 2017 val image 440336 | http://images.cocodataset.org/val2017/000000440336.jpg | Flickr http://farm4.staticflickr.com/3356/3490271591_e4923583b7_z.jpg,COCO 2017 val image 403385 | http://images.cocodataset.org/val2017/000000403385.jpg | Flickr http://farm4.staticflickr.com/3526/3768289025_b29315b582_z.jpg,redistribution_permitted,redistribution_permitted,CC BY 2.0 http://creativecommons.org/licenses/by/2.0/,CC BY 2.0 http://creativecommons.org/licenses/by/2.0/,coco2017-val-centerfit-bicubic-pillowL-v1,true,,"COCO source SHA256 cover=e5c2df473a26427ae57950acec86d1e4d3a49cdf1a18d427cd1a354465408f00 secret=11632ed3fb470d62f7fe5f0445c4f10ec91225c4a820c95d1c3946af9426d4c7; deterministic center-fit, Pillow L conversion, bicubic resize"
coco-000000516143-000000451155,covers/coco-000000516143-000000451155.png,secrets/coco-000000516143-000000451155.png,COCO 2017 val image 516143 | http://images.cocodataset.org/val2017/000000516143.jpg | Flickr http://farm8.staticflickr.com/7103/7209556862_8431c062d7_z.jpg,COCO 2017 val image 451155 | http://images.cocodataset.org/val2017/000000451155.jpg | Flickr http://farm4.staticflickr.com/3661/3484414533_7f9827c52e_z.jpg,redistribution_permitted,redistribution_permitted,CC BY 2.0 http://creativecommons.org/licenses/by/2.0/,CC BY 2.0 http://creativecommons.org/licenses/by/2.0/,coco2017-val-centerfit-bicubic-pillowL-v1,true,,"COCO source SHA256 cover=dfb9978fb742680c4d5eabda1c8966cca24687eb084a017830764fc37dc51726 secret=783b4f30e6556f21e41aa9aee177dfb102efd1cfce8cb08cf357ffdd44f361e1; deterministic center-fit, Pillow L conversion, bicubic resize"
coco-000000098392-000000343706,covers/coco-000000098392-000000343706.png,secrets/coco-000000098392-000000343706.png,COCO 2017 val image 98392 | http://images.cocodataset.org/val2017/000000098392.jpg | Flickr http://farm3.staticflickr.com/2502/4159425709_43b95a16d7_z.jpg,COCO 2017 val image 343706 | http://images.cocodataset.org/val2017/000000343706.jpg | Flickr http://farm9.staticflickr.com/8178/8000388977_c06c12e5e6_z.jpg,redistribution_permitted,redistribution_permitted,CC BY 2.0 http://creativecommons.org/licenses/by/2.0/,CC BY 2.0 http://creativecommons.org/licenses/by/2.0/,coco2017-val-centerfit-bicubic-pillowL-v1,true,,"COCO source SHA256 cover=c976adf7599725c1bab7fbae692611501e7a33fb5e182c3e301f985205340ecf secret=4207680ffcb21507f686d815a1119b4f7d1d70b1a766addbd0d0f15cc31cc493; deterministic center-fit, Pillow L conversion, bicubic resize"
coco-000000412362-000000147745,covers/coco-000000412362-000000147745.png,secrets/coco-000000412362-000000147745.png,COCO 2017 val image 412362 | http://images.cocodataset.org/val2017/000000412362.jpg | Flickr http://farm7.staticflickr.com/6055/6220306659_5f590c47cf_z.jpg,COCO 2017 val image 147745 | http://images.cocodataset.org/val2017/000000147745.jpg | Flickr http://farm8.staticflickr.com/7237/7160109697_fdb3a01c97_z.jpg,redistribution_permitted,redistribution_permitted,CC BY 2.0 http://creativecommons.org/licenses/by/2.0/,CC BY 2.0 http://creativecommons.org/licenses/by/2.0/,coco2017-val-centerfit-bicubic-pillowL-v1,true,,"COCO source SHA256 cover=f128deccbf3e1043c473351db3d0510e6ecc82329600e41938b31615f30bb4a1 secret=2297abddf7dbbcbf4be69b6e950b7bb3ff5cdc31834820c427a1599ed656ef16; deterministic center-fit, Pillow L conversion, bicubic resize"
coco-000000236784-000000397133,covers/coco-000000236784-000000397133.png,secrets/coco-000000236784-000000397133.png,COCO 2017 val image 236784 | http://images.cocodataset.org/val2017/000000236784.jpg | Flickr http://farm3.staticflickr.com/2380/2222474135_825753ebbd_z.jpg,COCO 2017 val image 397133 | http://images.cocodataset.org/val2017/000000397133.jpg | Flickr http://farm7.staticflickr.com/6116/6255196340_da26cf2c9e_z.jpg,redistribution_permitted,redistribution_permitted,CC BY 2.0 http://creativecommons.org/licenses/by/2.0/,CC BY 2.0 http://creativecommons.org/licenses/by/2.0/,coco2017-val-centerfit-bicubic-pillowL-v1,true,,"COCO source SHA256 cover=cdd94432188f912462ec36a51f6e17efe537e472ef427654d37f26cf76bea4e7 secret=09e1d25c75f7879bdaa69c327fece5cabacd53939c8c2ef9e87f1c97a2e478c4; deterministic center-fit, Pillow L conversion, bicubic resize"
coco-000000500257-000000526103,covers/coco-000000500257-000000526103.png,secrets/coco-000000500257-000000526103.png,COCO 2017 val image 500257 | http://images.cocodataset.org/val2017/000000500257.jpg | Flickr http://farm1.staticflickr.com/195/494680271_21c4c315c9_z.jpg,COCO 2017 val image 526103 | http://images.cocodataset.org/val2017/000000526103.jpg | Flickr http://farm9.staticflickr.com/8466/8075672344_8785868023_z.jpg,redistribution_permitted,redistribution_permitted,CC BY 2.0 http://creativecommons.org/licenses/by/2.0/,CC BY 2.0 http://creativecommons.org/licenses/by/2.0/,coco2017-val-centerfit-bicubic-pillowL-v1,true,,"COCO source SHA256 cover=c39d6a908175616d1d1071632146a2862958779730739a943c9540ca5d4c9e69 secret=aa71fa226702833f76094ef8a732b7592c3227ce008f5647d3ede1bed3bb516e; deterministic center-fit, Pillow L conversion, bicubic resize"
coco-000000340894-000000043435,covers/coco-000000340894-000000043435.png,secrets/coco-000000340894-000000043435.png,COCO 2017 val image 340894 | http://images.cocodataset.org/val2017/000000340894.jpg | Flickr http://farm1.staticflickr.com/63/198876231_494acc23d1_z.jpg,COCO 2017 val image 43435 | http://images.cocodataset.org/val2017/000000043435.jpg | Flickr http://farm4.staticflickr.com/3705/9683286086_a3e09af27b_z.jpg,redistribution_permitted,redistribution_permitted,CC BY 2.0 http://creativecommons.org/licenses/by/2.0/,CC BY 2.0 http://creativecommons.org/licenses/by/2.0/,coco2017-val-centerfit-bicubic-pillowL-v1,true,,"COCO source SHA256 cover=3e3b877390b6f0cf1873444eae7912dea498ea6515ee60bd0a2fa6b7d5fc52fa secret=c3b039effaf2412a450faff11d2dd0c5f5ed0090d12d550ce7a0eab9cec51974; deterministic center-fit, Pillow L conversion, bicubic resize"
coco-000000019924-000000414510,covers/coco-000000019924-000000414510.png,secrets/coco-000000019924-000000414510.png,COCO 2017 val image 19924 | http://images.cocodataset.org/val2017/000000019924.jpg | Flickr http://farm4.staticflickr.com/3407/3642510664_1c89fbc90a_z.jpg,COCO 2017 val image 414510 | http://images.cocodataset.org/val2017/000000414510.jpg | Flickr http://farm7.staticflickr.com/6011/5883783041_745340195b_z.jpg,redistribution_permitted,redistribution_permitted,CC BY 2.0 http://creativecommons.org/licenses/by/2.0/,CC BY 2.0 http://creativecommons.org/licenses/by/2.0/,coco2017-val-centerfit-bicubic-pillowL-v1,true,,"COCO source SHA256 cover=b0bb42c6674456ecd9155b790a6a595646aacfe45ce80bd7667ac75fb7fe8bc8 secret=f6f2620707df79c606e0c1cfab462860ece49bee7768f0fb2dbdfac7bdf8346e; deterministic center-fit, Pillow L conversion, bicubic resize"
coco-000000167353-000000257896,covers/coco-000000167353-000000257896.png,secrets/coco-000000167353-000000257896.png,COCO 2017 val image 167353 | http://images.cocodataset.org/val2017/000000167353.jpg | Flickr http://farm9.staticflickr.com/8022/7178592902_5974224cac_z.jpg,COCO 2017 val image 257896 | http://images.cocodataset.org/val2017/000000257896.jpg | Flickr http://farm7.staticflickr.com/6051/6246523213_48ec2b50c3_z.jpg,redistribution_permitted,redistribution_permitted,CC BY 2.0 http://creativecommons.org/licenses/by/2.0/,CC BY 2.0 http://creativecommons.org/licenses/by/2.0/,coco2017-val-centerfit-bicubic-pillowL-v1,true,,"COCO source SHA256 cover=8e6737773e7548e3fc299c7dc5e255b5997c0b05e08423f016b277719e8232a0 secret=07e67ce7f02d5f5a66f79bfba8eb0fc42598d38fae55e353c22a59aca1be770c; deterministic center-fit, Pillow L conversion, bicubic resize"
coco-000000170955-000000338986,covers/coco-000000170955-000000338986.png,secrets/coco-000000170955-000000338986.png,COCO 2017 val image 170955 | http://images.cocodataset.org/val2017/000000170955.jpg | Flickr http://farm3.staticflickr.com/2432/3607873670_1d3e8db7bd_z.jpg,COCO 2017 val image 338986 | http://images.cocodataset.org/val2017/000000338986.jpg | Flickr http://farm8.staticflickr.com/7284/8715827786_9ffcac1fa5_z.jpg,redistribution_permitted,redistribution_permitted,CC BY 2.0 http://creativecommons.org/licenses/by/2.0/,CC BY 2.0 http://creativecommons.org/licenses/by/2.0/,coco2017-val-centerfit-bicubic-pillowL-v1,true,,"COCO source SHA256 cover=874c166cd635cc8a19ffe038eb3939195f83b3b9e8b6611e5e5aad8664b3aa00 secret=62fee3f216c3cb2af25eac42d4b1b48acf30652ea1e8dd154aa4dcca480b852f; deterministic center-fit, Pillow L conversion, bicubic resize"
coco-000000356248-000000422706,covers/coco-000000356248-000000422706.png,secrets/coco-000000356248-000000422706.png,COCO 2017 val image 356248 | http://images.cocodataset.org/val2017/000000356248.jpg | Flickr http://farm7.staticflickr.com/6013/5997608563_ecaa98e80a_z.jpg,COCO 2017 val image 422706 | http://images.cocodataset.org/val2017/000000422706.jpg | Flickr http://farm5.staticflickr.com/4053/4612270698_66a0fc9286_z.jpg,redistribution_permitted,redistribution_permitted,CC BY 2.0 http://creativecommons.org/licenses/by/2.0/,CC BY 2.0 http://creativecommons.org/licenses/by/2.0/,coco2017-val-centerfit-bicubic-pillowL-v1,true,,"COCO source SHA256 cover=82c899741205bb8a7fb3deac0acc3fca15f81c029aaaf4d0f39aabbb090f452c secret=a5731f891fc02d36c1bfbbc369b3a99f0622458be29f762ee87684c990266bcc; deterministic center-fit, Pillow L conversion, bicubic resize"
coco-000000142971-000000533206,covers/coco-000000142971-000000533206.png,secrets/coco-000000142971-000000533206.png,COCO 2017 val image 142971 | http://images.cocodataset.org/val2017/000000142971.jpg | Flickr http://farm4.staticflickr.com/3316/5826779045_d3fb84f09b_z.jpg,COCO 2017 val image 533206 | http://images.cocodataset.org/val2017/000000533206.jpg | Flickr http://farm4.staticflickr.com/3048/2344619541_817c0410df_z.jpg,redistribution_permitted,redistribution_permitted,CC BY 2.0 http://creativecommons.org/licenses/by/2.0/,CC BY 2.0 http://creativecommons.org/licenses/by/2.0/,coco2017-val-centerfit-bicubic-pillowL-v1,true,,"COCO source SHA256 cover=837a1b9788dc54393ec3cc7e8522e12e4202b83abc0e7f66b9d3f9954e3707bd secret=0f7b42299e6074f89934510299a6d68490a3ac304089f84701424539cbc58c0a; deterministic center-fit, Pillow L conversion, bicubic resize"
coco-000000386134-000000169356,covers/coco-000000386134-000000169356.png,secrets/coco-000000386134-000000169356.png,COCO 2017 val image 386134 | http://images.cocodataset.org/val2017/000000386134.jpg | Flickr http://farm3.staticflickr.com/2891/9679798035_817d8e1517_z.jpg,COCO 2017 val image 169356 | http://images.cocodataset.org/val2017/000000169356.jpg | Flickr http://farm8.staticflickr.com/7298/9444351194_66d294013f_z.jpg,redistribution_permitted,redistribution_permitted,CC BY 2.0 http://creativecommons.org/licenses/by/2.0/,CC BY 2.0 http://creativecommons.org/licenses/by/2.0/,coco2017-val-centerfit-bicubic-pillowL-v1,true,,"COCO source SHA256 cover=676e88db32dd10e20e60f166df9e4b71a8574d6d552871938ddc8dfce736419f secret=acd7784c7a33da47014e5c55118789be664617e8028a8d89ada6b59b9212db25; deterministic center-fit, Pillow L conversion, bicubic resize"
coco-000000170116-000000127494,covers/coco-000000170116-000000127494.png,secrets/coco-000000170116-000000127494.png,COCO 2017 val image 170116 | http://images.cocodataset.org/val2017/000000170116.jpg | Flickr http://farm6.staticflickr.com/5049/5274554848_e82152e035_z.jpg,COCO 2017 val image 127494 | http://images.cocodataset.org/val2017/000000127494.jpg | Flickr http://farm3.staticflickr.com/2644/4066113855_0a7568a8df_z.jpg,redistribution_permitted,redistribution_permitted,CC BY 2.0 http://creativecommons.org/licenses/by/2.0/,CC BY 2.0 http://creativecommons.org/licenses/by/2.0/,coco2017-val-centerfit-bicubic-pillowL-v1,true,,"COCO source SHA256 cover=329e023a2f40925b9f28021f9daf9407d568b01edf5fd0b77ac772e27e2553c4 secret=65d47087b3c665d64aad0120658b00ac08dc9875597a5f8d801da4f70933f7fd; deterministic center-fit, Pillow L conversion, bicubic resize"
coco-000000132796-000000212226,covers/coco-000000132796-000000212226.png,secrets/coco-000000132796-000000212226.png,COCO 2017 val image 132796 | http://images.cocodataset.org/val2017/000000132796.jpg | Flickr http://farm6.staticflickr.com/5130/5382853203_aa9df7df0e_z.jpg,COCO 2017 val image 212226 | http://images.cocodataset.org/val2017/000000212226.jpg | Flickr http://farm4.staticflickr.com/3633/3554392751_0a85ee44f8_z.jpg,redistribution_permitted,redistribution_permitted,CC BY 2.0 http://creativecommons.org/licenses/by/2.0/,CC BY 2.0 http://creativecommons.org/licenses/by/2.0/,coco2017-val-centerfit-bicubic-pillowL-v1,true,,"COCO source SHA256 cover=689329fe1f003664d40a9330421fef02e16c26d5e64d25ac8ecf0c5d5ad6db23 secret=261ba1b81c768f47b8452cd8fc7866a354a69c336a927032486d129b8684eb44; deterministic center-fit, Pillow L conversion, bicubic resize"
coco-000000244411-000000113051,covers/coco-000000244411-000000113051.png,secrets/coco-000000244411-000000113051.png,COCO 2017 val image 244411 | http://images.cocodataset.org/val2017/000000244411.jpg | Flickr http://farm6.staticflickr.com/5338/7442803416_877f86a182_z.jpg,COCO 2017 val image 113051 | http://images.cocodataset.org/val2017/000000113051.jpg | Flickr http://farm7.staticflickr.com/6149/5946397184_28af5fa883_z.jpg,redistribution_permitted,redistribution_permitted,CC BY 2.0 http://creativecommons.org/licenses/by/2.0/,CC BY 2.0 http://creativecommons.org/licenses/by/2.0/,coco2017-val-centerfit-bicubic-pillowL-v1,true,,"COCO source SHA256 cover=c44b35401825f62c63dc9c9503f0c0b77d94ed1f25b44439236d4b81b604bccd secret=08e92ec10d2b3b5e1308e6853d50846fb11f718b57d1c4e32e302f8be7aac6a6; deterministic center-fit, Pillow L conversion, bicubic resize"
coco-000000528980-000000513181,covers/coco-000000528980-000000513181.png,secrets/coco-000000528980-000000513181.png,COCO 2017 val image 528980 | http://images.cocodataset.org/val2017/000000528980.jpg | Flickr http://farm7.staticflickr.com/6020/5948647455_15a633da61_z.jpg,COCO 2017 val image 513181 | http://images.cocodataset.org/val2017/000000513181.jpg | Flickr http://farm5.staticflickr.com/4116/4883585935_330f598ac7_z.jpg,redistribution_permitted,redistribution_permitted,CC BY 2.0 http://creativecommons.org/licenses/by/2.0/,CC BY 2.0 http://creativecommons.org/licenses/by/2.0/,coco2017-val-centerfit-bicubic-pillowL-v1,true,,"COCO source SHA256 cover=980e7576d00d09f07ead713cc8e8ad8791025e5779fbde9f4c663733a9f9f5a2 secret=f78d6dd61aedf3cd4ef022055682f00ae764c1cbd31ff89dce10f68fe23385e7; deterministic center-fit, Pillow L conversion, bicubic resize"
coco-000000192191-000000338219,covers/coco-000000192191-000000338219.png,secrets/coco-000000192191-000000338219.png,COCO 2017 val image 192191 | http://images.cocodataset.org/val2017/000000192191.jpg | Flickr http://farm8.staticflickr.com/7250/8154240196_8e5844d168_z.jpg,COCO 2017 val image 338219 | http://images.cocodataset.org/val2017/000000338219.jpg | Flickr http://farm8.staticflickr.com/7283/8999990657_da131bf6a9_z.jpg,redistribution_permitted,redistribution_permitted,CC BY 2.0 http://creativecommons.org/licenses/by/2.0/,CC BY 2.0 http://creativecommons.org/licenses/by/2.0/,coco2017-val-centerfit-bicubic-pillowL-v1,true,,"COCO source SHA256 cover=f83a0d30504559d85c366bbedccac4b432c73f7bf159a61f075e5e4b938e9a72 secret=4b6160bbe6f2e3d95429ac866bcf225ce04dc90f35665ff21b29cc836e3a4a92; deterministic center-fit, Pillow L conversion, bicubic resize"
coco-000000209757-000000186938,covers/coco-000000209757-000000186938.png,secrets/coco-000000209757-000000186938.png,COCO 2017 val image 209757 | http://images.cocodataset.org/val2017/000000209757.jpg | Flickr http://farm3.staticflickr.com/2459/5726247637_7eb9302561_z.jpg,COCO 2017 val image 186938 | http://images.cocodataset.org/val2017/000000186938.jpg | Flickr http://farm5.staticflickr.com/4033/4547499012_0b65368ae5_z.jpg,redistribution_permitted,redistribution_permitted,CC BY 2.0 http://creativecommons.org/licenses/by/2.0/,CC BY 2.0 http://creativecommons.org/licenses/by/2.0/,coco2017-val-centerfit-bicubic-pillowL-v1,true,,"COCO source SHA256 cover=e1ae8a5bb12ad20edfca2082821e4028a5bf27a9528ad2aa6d3a6b493a4418ad secret=291ff31f43eccd746a0f2c13b7b38b5ff59579db14f8229105bf57eff7da9850; deterministic center-fit, Pillow L conversion, bicubic resize"
coco-000000129054-000000226111,covers/coco-000000129054-000000226111.png,secrets/coco-000000129054-000000226111.png,COCO 2017 val image 129054 | http://images.cocodataset.org/val2017/000000129054.jpg | Flickr http://farm1.staticflickr.com/177/411065926_2483e52299_z.jpg,COCO 2017 val image 226111 | http://images.cocodataset.org/val2017/000000226111.jpg | Flickr http://farm4.staticflickr.com/3348/3333755023_1a0381e95f_z.jpg,redistribution_permitted,redistribution_permitted,CC BY 2.0 http://creativecommons.org/licenses/by/2.0/,CC BY 2.0 http://creativecommons.org/licenses/by/2.0/,coco2017-val-centerfit-bicubic-pillowL-v1,true,,"COCO source SHA256 cover=b499404f1b12c09135740acf268306f73ecc23c4f0259c5b03ae5c06e45a2d3d secret=c57ab832bf70043e1c08b82ef43b2d65e09ad09bc1437658d3c0a15cc0f99ac6; deterministic center-fit, Pillow L conversion, bicubic resize"
coco-000000388056-000000329456,covers/coco-000000388056-000000329456.png,secrets/coco-000000388056-000000329456.png,COCO 2017 val image 388056 | http://images.cocodataset.org/val2017/000000388056.jpg | Flickr http://farm4.staticflickr.com/3218/2443485512_533ba95111_z.jpg,COCO 2017 val image 329456 | http://images.cocodataset.org/val2017/000000329456.jpg | Flickr http://farm4.staticflickr.com/3112/2561836272_6200d49083_z.jpg,redistribution_permitted,redistribution_permitted,CC BY 2.0 http://creativecommons.org/licenses/by/2.0/,CC BY 2.0 http://creativecommons.org/licenses/by/2.0/,coco2017-val-centerfit-bicubic-pillowL-v1,true,,"COCO source SHA256 cover=dae09ddbc116e2ffde1150640de08298620b6bef5e39e2caddbf16d6dadf4a2a secret=07b0642433a6de72e38f49a94337d11b9b34f0345c866c1563fc74fef36f923b; deterministic center-fit, Pillow L conversion, bicubic resize"
coco-000000132622-000000134882,covers/coco-000000132622-000000134882.png,secrets/coco-000000132622-000000134882.png,COCO 2017 val image 132622 | http://images.cocodataset.org/val2017/000000132622.jpg | Flickr http://farm8.staticflickr.com/7065/6968121996_602ffd7113_z.jpg,COCO 2017 val image 134882 | http://images.cocodataset.org/val2017/000000134882.jpg | Flickr http://farm9.staticflickr.com/8249/8643440732_42cbe68c0f_z.jpg,redistribution_permitted,redistribution_permitted,CC BY 2.0 http://creativecommons.org/licenses/by/2.0/,CC BY 2.0 http://creativecommons.org/licenses/by/2.0/,coco2017-val-centerfit-bicubic-pillowL-v1,true,,"COCO source SHA256 cover=839511d6f6e7688d319b01d6977fc2cc642cb91e8fae4a2e0562c1322d894bf2 secret=d2a42fe606563d125e105246e6cd473f098338364b51f085da8a97d5943876c5; deterministic center-fit, Pillow L conversion, bicubic resize"
coco-000000521259-000000506178,covers/coco-000000521259-000000506178.png,secrets/coco-000000521259-000000506178.png,COCO 2017 val image 521259 | http://images.cocodataset.org/val2017/000000521259.jpg | Flickr http://farm9.staticflickr.com/8050/8115935734_0ff6dcfd4e_z.jpg,COCO 2017 val image 506178 | http://images.cocodataset.org/val2017/000000506178.jpg | Flickr http://farm1.staticflickr.com/155/411777080_a4dfa5fef0_z.jpg,redistribution_permitted,redistribution_permitted,CC BY 2.0 http://creativecommons.org/licenses/by/2.0/,CC BY 2.0 http://creativecommons.org/licenses/by/2.0/,coco2017-val-centerfit-bicubic-pillowL-v1,true,,"COCO source SHA256 cover=95040dd15929de9ee3e0bdb17dc8455197cee814a2293a42c5cccd537565c0ac secret=de41bacebcb85dfdf3f86b66ff169f2d2e2f7151d7b6b22d42b675a3a767ffa6; deterministic center-fit, Pillow L conversion, bicubic resize"
coco-000000289417-000000343076,covers/coco-000000289417-000000343076.png,secrets/coco-000000289417-000000343076.png,COCO 2017 val image 289417 | http://images.cocodataset.org/val2017/000000289417.jpg | Flickr http://farm5.staticflickr.com/4057/4431669174_e67a2421a5_z.jpg,COCO 2017 val image 343076 | http://images.cocodataset.org/val2017/000000343076.jpg | Flickr http://farm4.staticflickr.com/3528/3940136096_1831da02ea_z.jpg,redistribution_permitted,redistribution_permitted,CC BY 2.0 http://creativecommons.org/licenses/by/2.0/,CC BY 2.0 http://creativecommons.org/licenses/by/2.0/,coco2017-val-centerfit-bicubic-pillowL-v1,true,,"COCO source SHA256 cover=a098e0cfd6702bf227c3b5d9e98d4321bc803c3cf8ffab4d867e86c9b5d7e13d secret=b3b75e4a3ad7dd8b211680c4bcf1288f7d3bea2aa360358752b3d1640015e8b0; deterministic center-fit, Pillow L conversion, bicubic resize"
coco-000000342128-000000435299,covers/coco-000000342128-000000435299.png,secrets/coco-000000342128-000000435299.png,COCO 2017 val image 342128 | http://images.cocodataset.org/val2017/000000342128.jpg | Flickr http://farm8.staticflickr.com/7345/9296437874_b852f470d6_z.jpg,COCO 2017 val image 435299 | http://images.cocodataset.org/val2017/000000435299.jpg | Flickr http://farm4.staticflickr.com/3714/9631359693_80164e6e57_z.jpg,redistribution_permitted,redistribution_permitted,CC BY 2.0 http://creativecommons.org/licenses/by/2.0/,CC BY 2.0 http://creativecommons.org/licenses/by/2.0/,coco2017-val-centerfit-bicubic-pillowL-v1,true,,"COCO source SHA256 cover=850c27fb3df1abd24188fa5d93c9c1338edc46ab544f1ac34d8f116e6a0dd564 secret=a6e060e6e23667a937f1130eed8616b97166e546e148cc62c1f82037b4c3738d; deterministic center-fit, Pillow L conversion, bicubic resize"
coco-000000120584-000000194746,covers/coco-000000120584-000000194746.png,secrets/coco-000000120584-000000194746.png,COCO 2017 val image 120584 | http://images.cocodataset.org/val2017/000000120584.jpg | Flickr http://farm4.staticflickr.com/3264/2870990724_12c0a02f66_z.jpg,COCO 2017 val image 194746 | http://images.cocodataset.org/val2017/000000194746.jpg | Flickr http://farm1.staticflickr.com/77/174081185_bb73e07e14_z.jpg,redistribution_permitted,redistribution_permitted,CC BY 2.0 http://creativecommons.org/licenses/by/2.0/,CC BY 2.0 http://creativecommons.org/licenses/by/2.0/,coco2017-val-centerfit-bicubic-pillowL-v1,true,,"COCO source SHA256 cover=68a7501ec90e6c537f1d0a9b7fac0e65b0a0b4396ece1f9a33b83804b2430ad9 secret=08e39064a965e47d55df33298f53892e1f7dd4f1c1a4715dd73c0d471a8f70b5; deterministic center-fit, Pillow L conversion, bicubic resize"
coco-000000031735-000000273715,covers/coco-000000031735-000000273715.png,secrets/coco-000000031735-000000273715.png,COCO 2017 val image 31735 | http://images.cocodataset.org/val2017/000000031735.jpg | Flickr http://farm9.staticflickr.com/8153/7139420803_11fba8234f_z.jpg,COCO 2017 val image 273715 | http://images.cocodataset.org/val2017/000000273715.jpg | Flickr http://farm4.staticflickr.com/3604/3441464864_01a70b2b99_z.jpg,redistribution_permitted,redistribution_permitted,CC BY 2.0 http://creativecommons.org/licenses/by/2.0/,CC BY 2.0 http://creativecommons.org/licenses/by/2.0/,coco2017-val-centerfit-bicubic-pillowL-v1,true,,"COCO source SHA256 cover=49568f890bcbfddb7afd18ba8afc6c1b20ffe6611a888a3cb93150d24b253ffa secret=d67892fbc83b2d8eb38b740fe2804c902b44d7fcc03d76d0952d38be08cc553a; deterministic center-fit, Pillow L conversion, bicubic resize"
coco-000000057725-000000406570,covers/coco-000000057725-000000406570.png,secrets/coco-000000057725-000000406570.png,COCO 2017 val image 57725 | http://images.cocodataset.org/val2017/000000057725.jpg | Flickr http://farm9.staticflickr.com/8049/8401424062_0c29be398a_z.jpg,COCO 2017 val image 406570 | http://images.cocodataset.org/val2017/000000406570.jpg | Flickr http://farm3.staticflickr.com/2625/3796453122_e3fa536540_z.jpg,redistribution_permitted,redistribution_permitted,CC BY 2.0 http://creativecommons.org/licenses/by/2.0/,CC BY 2.0 http://creativecommons.org/licenses/by/2.0/,coco2017-val-centerfit-bicubic-pillowL-v1,true,,"COCO source SHA256 cover=d660e0aa68834a35a45348a1ef40e0d5c5321aea7ac74b36a53fbe7abc63ed60 secret=2790f0224bf5f6315f6480b3c5dc46130dfeeffb1a12bb58b6d686c1cd616065; deterministic center-fit, Pillow L conversion, bicubic resize"
coco-000000456292-000000100624,covers/coco-000000456292-000000100624.png,secrets/coco-000000456292-000000100624.png,COCO 2017 val image 456292 | http://images.cocodataset.org/val2017/000000456292.jpg | Flickr http://farm1.staticflickr.com/27/39673832_616a764579_z.jpg,COCO 2017 val image 100624 | http://images.cocodataset.org/val2017/000000100624.jpg | Flickr http://farm3.staticflickr.com/2035/1874994806_da5fee8f5a_z.jpg,redistribution_permitted,redistribution_permitted,CC BY 2.0 http://creativecommons.org/licenses/by/2.0/,CC BY 2.0 http://creativecommons.org/licenses/by/2.0/,coco2017-val-centerfit-bicubic-pillowL-v1,true,,"COCO source SHA256 cover=7e17a306f9e0c9422166a5adc9ee6a91412a37303b1d674f5e16cd7e83965fe6 secret=853ddfac5c8827aa25601a84670c8b162830421f9759ef0e21f9be980aa1ae98; deterministic center-fit, Pillow L conversion, bicubic resize"
coco-000000078266-000000481413,covers/coco-000000078266-000000481413.png,secrets/coco-000000078266-000000481413.png,COCO 2017 val image 78266 | http://images.cocodataset.org/val2017/000000078266.jpg | Flickr http://farm7.staticflickr.com/6167/6180130159_ae0bf83d72_z.jpg,COCO 2017 val image 481413 | http://images.cocodataset.org/val2017/000000481413.jpg | Flickr http://farm1.staticflickr.com/23/35099655_d7c448ccd7_z.jpg,redistribution_permitted,redistribution_permitted,CC BY 2.0 http://creativecommons.org/licenses/by/2.0/,CC BY 2.0 http://creativecommons.org/licenses/by/2.0/,coco2017-val-centerfit-bicubic-pillowL-v1,true,,"COCO source SHA256 cover=01297ee066ac26e787c2f112d73e24085b9b9b94100e4bb6b13b5758c77ab2e5 secret=2ce2ac7144577c0a6349c272e034295852aa5e1d0e81dcf5451f148e72e98d3d; deterministic center-fit, Pillow L conversion, bicubic resize"
coco-000000392722-000000213547,covers/coco-000000392722-000000213547.png,secrets/coco-000000392722-000000213547.png,COCO 2017 val image 392722 | http://images.cocodataset.org/val2017/000000392722.jpg | Flickr http://farm3.staticflickr.com/2829/9953419346_8bcbd5480f_z.jpg,COCO 2017 val image 213547 | http://images.cocodataset.org/val2017/000000213547.jpg | Flickr http://farm3.staticflickr.com/2062/2243132921_779f9cdc24_z.jpg,redistribution_permitted,redistribution_permitted,CC BY 2.0 http://creativecommons.org/licenses/by/2.0/,CC BY 2.0 http://creativecommons.org/licenses/by/2.0/,coco2017-val-centerfit-bicubic-pillowL-v1,true,,"COCO source SHA256 cover=137bbeb12ff0d4152279be001c8c5e59b03e2aac88a939db1a3667fd4aac72c6 secret=61b9b72eba0c02967cfab34df829cdd10e41c2c00e5a43be8db39d97bf43747b; deterministic center-fit, Pillow L conversion, bicubic resize"
coco-000000275198-000000227511,covers/coco-000000275198-000000227511.png,secrets/coco-000000275198-000000227511.png,COCO 2017 val image 275198 | http://images.cocodataset.org/val2017/000000275198.jpg | Flickr http://farm8.staticflickr.com/7262/7488569650_9e0faaf072_z.jpg,COCO 2017 val image 227511 | http://images.cocodataset.org/val2017/000000227511.jpg | Flickr http://farm4.staticflickr.com/3035/2569060763_a6f46a570d_z.jpg,redistribution_permitted,redistribution_permitted,CC BY 2.0 http://creativecommons.org/licenses/by/2.0/,CC BY 2.0 http://creativecommons.org/licenses/by/2.0/,coco2017-val-centerfit-bicubic-pillowL-v1,true,,"COCO source SHA256 cover=c34482da7ff6fc53d5e78dc433cc673ab601757761e07948f15450cc8214a483 secret=9fc4da31a5388bb29c1348ba37e139af14e63eba2d39bfd07d48756df87912cb; deterministic center-fit, Pillow L conversion, bicubic resize"
