base_ber,base_correct_fraction,complete_recovery,condition_count,cover_stego_psnr,cover_stego_ssim,detail_ber,detail_correct_fraction,method,observation_count,operational_failure_count,pair_id,payload_correct_fraction,peak_memory_bytes,raw_ber,raw_secret_correct_fraction,reconstruction_ncc,reconstruction_psnr,reconstruction_ssim,runtime_seconds,unknown_bit_fraction,valid_base_only_recovery
,,0.1,10,45.87538335445845,0.9851358738552894,,,B1,22,0,coco-000000019924-000000414510,0.7124834696451824,155970355.20000002,0.2875165303548178,0.7124834696451824,0.8806516079851464,13.777981134035421,0.33465121390978536,0.007181628100018619,0.0,
,,0.0,10,,,,,B2,22,0,coco-000000019924-000000414510,,156708727.4666667,,,,,,,,
0.0,0.1,0.1,10,45.000009005482426,0.980379541377785,0.0,0.1,C0,22,0,coco-000000019924-000000414510,0.1,156350190.93333334,0.30759519098159144,1.0,1.0,,1.0,2.1211798689000108,0.9,0.1
0.0,0.1,0.1,10,45.00000094864638,0.9805626337974124,0.0,0.1,C1,22,0,coco-000000019924-000000414510,0.1,156500650.66666666,0.3063670024584757,1.0,1.0,,1.0,2.2804036302333164,0.9,0.1
0.0,0.1,0.1,10,45.00001706233342,0.9803701370179125,0.0,0.1,C2,22,0,coco-000000019924-000000414510,0.1,156285883.73333332,0.30690726749415365,1.0,1.0,,1.0,3.1154077611666553,0.9,0.1
0.0,0.1,0.1,10,45.00000094864638,0.9806273603377053,0.0,0.1,C3,22,0,coco-000000019924-000000414510,0.1,156198092.8,0.30618366612700126,1.0,1.0,,1.0,1.9192965347998325,0.9,0.1
0.0,0.1,0.1,10,45.00002511919936,0.9806520196031568,0.0,0.1,C3_NP,22,0,coco-000000019924-000000414510,0.1,156679372.8,0.3058634646519158,1.0,1.0,,1.0,2.2248072383999893,0.9,0.1
,,0.1,10,45.82719935881448,0.9885891346322117,,,B1,22,0,coco-000000022705-000000343315,0.7043619791666667,156358792.53333333,0.2956380208333333,0.7043619791666667,0.8927931776376955,13.456682803931606,0.30725606071738404,0.006642988566757896,0.0,
,,0.0,10,,,,,B2,22,0,coco-000000022705-000000343315,,156626397.86666664,,,,,,,,
0.0,0.1,0.1,10,45.000049289886874,0.9837901550810246,0.0,0.1,C0,22,0,coco-000000022705-000000343315,0.1,156725384.53333333,0.308217754991905,1.0,0.9999999999999999,,1.0,1.9442698309999589,0.9,0.1
0.0,0.1,0.1,10,45.000009005482426,0.9838937872043584,0.0,0.1,C1,22,0,coco-000000022705-000000343315,0.1,156910387.20000002,0.30760973196618097,1.0,0.9999999999999999,,1.0,2.860583141300109,0.9,0.1
0.0,0.1,0.1,10,45.00001706233342,0.9837776556846638,0.0,0.1,C2,22,0,coco-000000022705-000000343315,0.1,156420505.6,0.3089202194639324,1.0,0.9999999999999999,,1.0,3.229190734166635,0.9,0.1
0.0,0.1,0.1,10,45.00002511919936,0.9838947944074612,0.0,0.1,C3,22,0,coco-000000022705-000000343315,0.1,156560998.40000004,0.3076388139353601,1.0,0.9999999999999999,,1.0,1.8823684085335113,0.9,0.1
0.0,0.1,0.1,10,45.00000094864638,0.9838815506203687,0.0,0.1,C3_NP,22,0,coco-000000022705-000000343315,0.1,156474436.26666668,0.30758379804521196,1.0,0.9999999999999999,,1.0,1.987901263433135,0.9,0.1
,,0.1,10,45.5869159237685,0.9871693589337683,,,B1,22,0,coco-000000031735-000000273715,0.70477294921875,151774412.79999998,0.29522705078125,0.70477294921875,0.8709717119191083,13.13437093185523,0.3115621948028083,0.009923222066754535,0.0,
,,0.0,10,,,,,B2,22,0,coco-000000031735-000000273715,,151721301.3333333,,,,,,,,
0.0,0.1,0.1,10,45.00000094864638,0.9836135723644214,0.0,0.1,C0,22,0,coco-000000031735-000000273715,0.1,139988582.4,0.3065244048689812,1.0,1.0,,1.0,2.81936943556672,0.9,0.1
0.0,0.1,0.1,10,45.000009005482426,0.9839431520802405,0.0,0.1,C1,22,0,coco-000000031735-000000273715,0.1,151500117.33333334,0.3055844876176771,1.0,1.0,,1.0,1.983875511666459,0.9,0.1
0.0,0.1,0.1,10,45.00002511919936,0.9836240850429782,0.0,0.1,C2,22,0,coco-000000031735-000000273715,0.1,151781376.0,0.3064771841458296,1.0,1.0,,1.0,1.9298624457667757,0.9,0.1
0.0,0.1,0.1,10,45.00000094864638,0.9839567447311156,0.0,0.1,C3,22,0,coco-000000031735-000000273715,0.1,151641156.2666667,0.3057126581519458,1.0,1.0,,1.0,3.095873661033086,0.9,0.1
0.0,0.1,0.1,10,45.000009005482426,0.9839538708910529,0.0,0.1,C3_NP,22,0,coco-000000031735-000000273715,0.1,151750655.99999997,0.3050493194219584,1.0,1.0,,1.0,1.9746403455664527,0.9,0.1
,,0.1,10,45.82565955972286,0.990572474244747,,,B1,22,0,coco-000000057725-000000406570,0.7029627482096353,152474692.26666668,0.29703725179036455,0.7029627482096353,0.8969860803069668,14.054569955442105,0.3061425117737845,0.007060860566707562,0.0,
,,0.0,10,,,,,B2,22,0,coco-000000057725-000000406570,,152788036.26666668,,,,,,,,
0.0,0.1,0.1,10,45.00001706233342,0.9864882983935743,0.0,0.1,C0,22,0,coco-000000057725-000000406570,0.1,152805512.53333333,0.30655033878995025,1.0,1.0,,1.0,2.047579535833271,0.9,0.1
0.0,0.1,0.1,10,45.00000094864638,0.9860666638793351,0.0,0.1,C1,22,0,coco-000000057725-000000406570,0.1,152601668.26666665,0.30565554356299096,1.0,1.0,,1.0,1.8003979606669116,0.9,0.1
0.0,0.1,0.1,10,45.000009005482426,0.9864847920891096,0.0,0.1,C2,22,0,coco-000000057725-000000406570,0.1,153021235.2,0.3064125742039935,1.0,1.0,,1.0,2.8784953143333647,0.9,0.1
0.0,0.1,0.1,10,45.00001706233342,0.9860894848162018,0.0,0.1,C3,22,0,coco-000000057725-000000406570,0.1,152897945.6,0.30587770582239016,1.0,1.0,,1.0,1.9948039751334363,0.9,0.1
0.0,0.1,0.1,10,45.000009005482426,0.9860697945743399,0.0,0.1,C3_NP,22,0,coco-000000057725-000000406570,0.1,153274094.93333334,0.3057354440247047,1.0,1.0,,1.0,2.5956925204331127,0.9,0.1
,,0.1,10,45.89879529950395,0.9888967835476835,,,B1,22,0,coco-000000078266-000000481413,0.7060190836588542,157918003.2,0.29398091634114587,0.7060190836588542,0.9098745854730866,14.18068518959323,0.28344301427159074,0.016975205633692286,0.0,
,,0.0,10,,,,,B2,22,0,coco-000000078266-000000481413,,156693572.26666665,,,,,,,,
0.0,0.1,0.1,10,45.00001706233342,0.9854913954954636,0.0,0.1,C0,22,0,coco-000000078266-000000481413,0.1,156059921.06666666,0.30909291239431547,1.0,1.0000000000000002,,1.0,1.8253603867997295,0.9,0.1
0.0,0.1,0.1,10,45.000057346812596,0.985624367035817,0.0,0.1,C1,22,0,coco-000000078266-000000481413,0.1,156182254.93333334,0.308161090124123,1.0,1.0000000000000002,,1.0,2.0827913676666867,0.9,0.1
0.0,0.1,0.1,10,45.00001706233342,0.9855068974066322,0.0,0.1,C2,22,0,coco-000000078266-000000481413,0.1,156261990.4,0.30944129639623436,1.0,1.0000000000000002,,1.0,2.8738296746332104,0.9,0.1
0.0,0.1,0.1,10,45.00001706233342,0.9855969880398273,0.0,0.1,C3,22,0,coco-000000078266-000000481413,0.1,156397431.46666664,0.30819796726029863,1.0,1.0000000000000002,,1.0,2.4768926711001162,0.9,0.1
0.0,0.1,0.1,10,45.00003317608025,0.9856450905539595,0.0,0.1,C3_NP,22,0,coco-000000078266-000000481413,0.1,156519765.3333333,0.30815014690891646,1.0,1.0000000000000002,,1.0,2.854925720699854,0.9,0.1
,,0.1,10,45.5804556550165,0.9963753968009268,,,B1,22,0,coco-000000083540-000000161875,0.7005821228027345,156442077.86666664,0.29941787719726565,0.7005821228027345,0.8218238197460336,12.607363802766626,0.34038100889350553,0.008890131333949588,0.0,
,,0.1,10,44.856512659479314,0.9927851230998914,,,B2,22,0,coco-000000083540-000000161875,0.6089996337890626,155907413.33333334,0.3910003662109375,0.6089996337890626,0.7591799917510236,8.827931607400167,0.1581489704165151,0.013172267066571902,0.0,
0.0,0.1,0.1,10,45.00002511919936,0.9939892766817403,0.0,0.1,C0,22,0,coco-000000083540-000000161875,0.1,156751598.93333334,0.30827486958085987,1.0,1.0,,1.0,2.568858857699949,0.9,0.1
0.0,0.1,0.1,10,45.00001706233342,0.9937029321952527,0.0,0.1,C1,22,0,coco-000000083540-000000161875,0.1,156483857.06666666,0.30656532949571264,1.0,1.0,,1.0,2.8438600922998374,0.9,0.1
0.0,0.1,0.1,10,45.00002511919936,0.9939944347111924,0.0,0.1,C2,22,0,coco-000000083540-000000161875,0.1,156359748.2666667,0.3078795646699047,1.0,1.0,,1.0,2.4485083567333277,0.9,0.1
0.0,0.1,0.1,10,45.00000094864638,0.9936965671565778,0.0,0.1,C3,22,0,coco-000000083540-000000161875,0.1,156470613.3333333,0.3066795586736223,1.0,1.0,,1.0,1.8658899451998878,0.9,0.1
0.0,0.1,0.1,10,45.00002511919936,0.9937070629517677,0.0,0.1,C3_NP,22,0,coco-000000083540-000000161875,0.1,156364390.4,0.30712912993943753,1.0,1.0,,1.0,1.8239892951665755,0.9,0.1
,,0.1,10,45.9607119568564,0.986487586962444,,,B1,22,0,coco-000000098392-000000343706,0.7080164591471354,155087667.2,0.2919835408528646,0.7080164591471354,0.903812377437886,13.579038702993717,0.32491360272680875,0.013575303300058295,0.0,
,,0.1,10,45.16739201794864,0.9837328975864624,,,B2,22,0,coco-000000098392-000000343706,0.6011024475097656,154926557.86666667,0.3988975524902344,0.6011024475097656,0.8054657536870362,8.552098297318965,0.15542691559304944,0.012699510266975267,0.0,
0.0,0.1,0.1,10,45.00006540375328,0.983068139914467,0.0,0.1,C0,22,0,coco-000000098392-000000343706,0.1,153867059.2,0.30725700065959105,1.0,0.9999999999999999,,1.0,1.698608949333296,0.9,0.1
0.0,0.1,0.1,10,45.00000094864638,0.983386630816165,0.0,0.1,C1,22,0,coco-000000098392-000000343706,0.1,153998540.8,0.3061331474485819,1.0,0.9999999999999999,,1.0,1.969808513966988,0.9,0.1
0.0,0.1,0.1,10,45.000049289886874,0.9830921012439919,0.0,0.1,C2,22,0,coco-000000098392-000000343706,0.1,154716160.00000003,0.3073919170114529,1.0,0.9999999999999999,,1.0,2.6955260044002594,0.9,0.1
0.0,0.1,0.1,10,45.000009005482426,0.9833859854869619,0.0,0.1,C3,22,0,coco-000000098392-000000343706,0.1,154821017.6,0.3058157942075913,1.0,0.9999999999999999,,1.0,1.7912952672331808,0.9,0.1
0.0,0.1,0.1,10,45.00000094864638,0.9833825121354064,0.0,0.1,C3_NP,22,0,coco-000000098392-000000343706,0.1,154595191.46666667,0.30631768303651735,1.0,0.9999999999999999,,1.0,2.0455288770002276,0.9,0.1
,,0.1,10,45.886959902405984,0.9960932922504139,,,B1,22,0,coco-000000119445-000000358195,0.6999643961588543,153490500.26666668,0.3000356038411459,0.6999643961588543,0.8695004720713303,13.563316609012313,0.2906932228154588,0.010613453800093944,0.0,
,,0.0,10,,,,,B2,22,0,coco-000000119445-000000358195,,153116262.39999998,,,,,,,,
0.0,0.1,0.1,10,45.00001706233342,0.9928784685231168,0.0,0.1,C0,22,0,coco-000000119445-000000358195,0.1,152693418.6666667,0.3065680278227499,1.0,1.0000000000000002,,1.0,2.289183794166577,0.9,0.1
0.0,0.1,0.1,10,45.00000094864638,0.9929808996483972,0.0,0.1,C1,22,0,coco-000000119445-000000358195,0.1,152731101.86666667,0.3057664747856329,1.0,1.0000000000000002,,1.0,1.833160416600185,0.9,0.1
0.0,0.1,0.1,10,45.00001706233342,0.9928858488448885,0.0,0.1,C2,22,0,coco-000000119445-000000358195,0.1,152679765.3333333,0.30666141991964985,1.0,1.0000000000000002,,1.0,1.834359499933574,0.9,0.1
0.0,0.1,0.1,10,45.00002511919936,0.9929715558753974,0.0,0.1,C3,22,0,coco-000000119445-000000358195,0.1,152454758.4,0.30587650656592913,1.0,1.0000000000000002,,1.0,2.735875797566344,0.9,0.1
0.0,0.1,0.1,10,45.00000094864638,0.9929765315215061,0.0,0.1,C3_NP,22,0,coco-000000119445-000000358195,0.1,152407517.86666667,0.30571325778017633,1.0,1.0000000000000002,,1.0,2.0843511301334727,0.9,0.1
,,0.1,10,45.9190973150141,0.9831883755691125,,,B1,22,0,coco-000000120584-000000194746,0.7060254414876301,155746030.93333334,0.29397455851236975,0.7060254414876301,0.8339504648303204,12.787757203550985,0.29354261910989055,0.007064743366330124,0.0,
,,0.1,10,44.810517234509504,0.9810898374293752,,,B2,22,0,coco-000000120584-000000194746,0.6190205891927084,155913830.40000004,0.3809794108072917,0.6190205891927084,0.7238568382886799,9.653726982023722,0.14869194982595393,0.013895344200075974,0.0,
0.0,0.1,0.1,10,45.00000094864638,0.9814471627852246,0.0,0.1,C0,22,0,coco-000000120584-000000194746,0.1,156299127.46666667,0.30969673802242614,1.0,1.0,,1.0,1.9600141711000105,0.9,0.1
0.0,0.1,0.1,10,45.000009005482426,0.9816142045759474,0.0,0.1,C1,22,0,coco-000000120584-000000194746,0.1,156181162.6666667,0.3085887749595251,1.0,1.0,,1.0,2.5878104699667643,0.9,0.1
0.0,0.1,0.1,10,45.00000094864638,0.9814381102504657,0.0,0.1,C2,22,0,coco-000000120584-000000194746,0.1,156314419.2,0.3099382382922588,1.0,1.0,,1.0,2.52874384859994,0.9,0.1
0.0,0.1,0.1,10,45.00000094864638,0.9816385860685571,0.0,0.1,C3,22,0,coco-000000120584-000000194746,0.1,156553762.13333336,0.30827996642081906,1.0,1.0,,1.0,2.065683532933387,0.9,0.1
0.0,0.1,0.1,10,45.00000094864638,0.9816201076821776,0.0,0.1,C3_NP,22,0,coco-000000120584-000000194746,0.1,156252023.46666664,0.3085453019128141,1.0,1.0,,1.0,2.1182881744334736,0.9,0.1
,,0.1,10,45.67430697879523,0.9833399844555346,,,B1,22,0,coco-000000129054-000000226111,0.7024459838867188,153319287.46666667,0.29755401611328125,0.7024459838867188,0.8484649746389771,12.848219080755806,0.33992697995293847,0.020956977366586214,0.0,
,,0.1,10,44.84404301203996,0.9852248834935267,,,B2,22,0,coco-000000129054-000000226111,0.602245330810547,153123362.13333333,0.3977546691894532,0.602245330810547,0.7638182443414279,8.678990708583921,0.17370217038495828,0.012103773133518795,0.0,
0.0,0.1,0.1,10,45.00003317608025,0.9851713013915427,0.0,0.1,C0,22,0,coco-000000129054-000000226111,0.1,153240234.6666667,0.31157537326857343,1.0,1.0000000000000002,,1.0,1.7988268486333254,0.9,0.1
0.0,0.1,0.1,10,45.00001706233342,0.9852421969050555,0.0,0.1,C1,22,0,coco-000000129054-000000226111,0.1,153199001.6,0.3102722312166457,1.0,1.0000000000000002,,1.0,1.858119649633651,0.9,0.1
0.0,0.1,0.1,10,45.00001706233342,0.9851860206428201,0.0,0.1,C2,22,0,coco-000000129054-000000226111,0.1,152977954.13333333,0.31124662709120343,1.0,1.0000000000000002,,1.0,2.3468405224333155,0.9,0.1
0.0,0.1,0.1,10,45.00000094864638,0.9852613194245781,0.0,0.1,C3,22,0,coco-000000129054-000000226111,0.1,152738884.26666665,0.3099932541824069,1.0,1.0000000000000002,,1.0,2.0596649799667524,0.9,0.1
0.0,0.1,0.1,10,45.00001706233342,0.9852674494829643,0.0,0.1,C3_NP,22,0,coco-000000129054-000000226111,0.1,152906001.06666666,0.310048270072555,1.0,1.0000000000000002,,1.0,2.4921606246001224,0.9,0.1
,,0.1,10,45.68366128552121,0.9870002185900117,,,B1,22,0,coco-000000132622-000000134882,0.7042086283365885,153405576.53333333,0.2957913716634114,0.7042086283365885,0.8835898014969201,13.28788920186242,0.31639965914416424,0.01705368396681782,0.0,
,,0.1,10,45.18644982415218,0.9877099443050158,,,B2,22,0,coco-000000132622-000000134882,0.5994125366210936,152943411.2,0.40058746337890627,0.5994125366210936,0.786110355113546,8.464894699958911,0.1489580580165306,0.014201640166720608,0.0,
0.0,0.1,0.1,10,45.00001706233342,0.9883759634327591,0.0,0.1,C0,22,0,coco-000000132622-000000134882,0.1,152940680.53333336,0.3073982131078731,1.0,0.9999999999999999,,1.0,2.295844868799698,0.9,0.1
0.0,0.1,0.1,10,45.00001706233342,0.9881229425569039,0.0,0.1,C1,22,0,coco-000000132622-000000134882,0.1,152664746.6666667,0.306362505246747,1.0,0.9999999999999999,,1.0,1.8183697947000836,0.9,0.1
0.0,0.1,0.1,10,45.00000094864638,0.9883916540292471,0.0,0.1,C2,22,0,coco-000000132622-000000134882,0.1,152885248.00000003,0.30736313485638905,1.0,0.9999999999999999,,1.0,1.8118708933667222,0.9,0.1
0.0,0.1,0.1,10,45.00000094864638,0.9881149462040935,0.0,0.1,C3,22,0,coco-000000132622-000000134882,0.1,152758681.59999996,0.3066666666666667,1.0,0.9999999999999999,,1.0,2.523460949133429,0.9,0.1
0.0,0.1,0.1,10,45.00000094864638,0.9881189048100584,0.0,0.1,C3_NP,22,0,coco-000000132622-000000134882,0.1,152606173.86666667,0.306823769263057,1.0,0.9999999999999999,,1.0,2.3264716008668986,0.9,0.1
,,0.1,10,45.58798588269645,0.9973909651149653,,,B1,22,0,coco-000000132796-000000212226,0.6997123718261717,156232362.6666667,0.3002876281738281,0.6997123718261717,0.8389231767651045,12.44080657812065,0.29616367696502616,0.006920803500058052,0.0,
,,0.1,10,44.83096582872597,0.9899514294282185,,,B2,22,0,coco-000000132796-000000212226,0.6038614908854167,156527684.26666668,0.3961385091145833,0.6038614908854167,0.7681794620998604,8.440247619478997,0.14586789798197092,0.024858742433207227,0.0,
0.0,0.1,0.1,10,45.000009005482426,0.9913898840892065,0.0,0.1,C0,22,0,coco-000000132796-000000212226,0.1,156559496.53333333,0.30703708700605625,1.0,1.0,,1.0,2.30619819436694,0.9,0.1
0.0,0.1,0.1,10,45.00000094864638,0.9912198531532198,0.0,0.1,C1,22,0,coco-000000132796-000000212226,0.1,156421734.39999998,0.30602416501768903,1.0,1.0,,1.0,2.199349547099943,0.9,0.1
0.0,0.1,0.1,10,45.00000094864638,0.9913821206555035,0.0,0.1,C2,22,0,coco-000000132796-000000212226,0.1,156525636.26666665,0.30708835521976374,1.0,1.0,,1.0,3.195440339466404,0.9,0.1
0.0,0.1,0.1,10,45.00002511919936,0.9912224114650829,0.0,0.1,C3,22,0,coco-000000132796-000000212226,0.1,156425830.4,0.30622504047490556,1.0,1.0,,1.0,2.205356938000053,0.9,0.1
0.0,0.1,0.1,10,45.000009005482426,0.9912127341472219,0.0,0.1,C3_NP,22,0,coco-000000132796-000000212226,0.1,156866833.06666666,0.3060803801642981,1.0,1.0,,1.0,2.9712627474333813,0.9,0.1
,,0.1,10,45.80902948021638,0.9970392166626283,,,B1,22,0,coco-000000142971-000000533206,0.7015373229980468,156646877.86666664,0.2984626770019531,0.7015373229980468,0.8611866880815751,13.388619507853596,0.31139504120509504,0.007543350533281532,0.0,
,,0.1,10,44.83246169479637,0.9935001766302266,,,B2,22,0,coco-000000142971-000000533206,0.6104166666666666,156264174.93333334,0.3895833333333333,0.6104166666666666,0.7924273705014386,9.4661158382009,0.14480050688762042,0.012987927533261731,0.0,
0.0,0.1,0.1,10,45.00002511919936,0.9937800440126695,0.0,0.1,C0,22,0,coco-000000142971-000000533206,0.1,156638822.39999998,0.308412484259759,1.0,1.0,,1.0,2.235805678233192,0.9,0.1
0.0,0.1,0.1,10,45.000105688680875,0.9938031593933181,0.0,0.1,C1,22,0,coco-000000142971-000000533206,0.1,156724565.3333333,0.3069495412844037,1.0,1.0,,1.0,2.7218151720999835,0.9,0.1
0.0,0.1,0.1,10,45.00004123297608,0.993788084942986,0.0,0.1,C2,22,0,coco-000000142971-000000533206,0.1,156454502.40000004,0.30810892246806987,1.0,1.0,,1.0,2.636203212666684,0.9,0.1
0.0,0.1,0.1,10,45.00000094864638,0.993802670123935,0.0,0.1,C3,22,0,coco-000000142971-000000533206,0.1,156715008.0,0.30753133057504345,1.0,1.0,,1.0,1.911308158699709,0.9,0.1
0.0,0.1,0.1,10,45.000009005482426,0.9937994721806908,0.0,0.1,C3_NP,22,0,coco-000000142971-000000533206,0.1,156331758.93333334,0.307281735324099,1.0,1.0,,1.0,1.9556848902999264,0.9,0.1
,,0.1,10,45.71836196787742,0.9921735933284779,,,B1,22,0,coco-000000166165-000000213033,0.7022872924804687,156581751.46666667,0.29771270751953127,0.7022872924804687,0.8221095102448125,12.702892573484334,0.2965463253975594,0.012018741100170397,0.0,
,,0.0,10,,,,,B2,22,0,coco-000000166165-000000213033,,157029034.6666667,,,,,,,,
0.0,0.1,0.1,10,45.00000094864638,0.9866679288934398,0.0,0.1,C0,22,0,coco-000000166165-000000213033,0.1,156300356.26666668,0.31231081729327814,1.0,1.0,,1.0,3.0616625851665957,0.9,0.1
0.0,0.1,0.1,10,45.00001706233342,0.9869392705640866,0.0,0.1,C1,22,0,coco-000000166165-000000213033,0.1,155922705.0666667,0.3102467470168495,1.0,1.0,,1.0,2.150920524499998,0.9,0.1
0.0,0.1,0.1,10,45.00000094864638,0.9866554853844924,0.0,0.1,C2,22,0,coco-000000166165-000000213033,0.1,156055278.9333333,0.3123554895964502,1.0,1.0,,1.0,2.0422989837000083,0.9,0.1
0.0,0.1,0.1,10,45.000009005482426,0.9869149438970611,0.0,0.1,C3,22,0,coco-000000166165-000000213033,0.1,156121634.13333333,0.311057294477424,1.0,1.0,,1.0,2.7301928790334085,0.9,0.1
0.0,0.1,0.1,10,45.00001706233342,0.986930649978462,0.0,0.1,C3_NP,22,0,coco-000000166165-000000213033,0.1,156282743.46666664,0.3109454638124363,1.0,1.0,,1.0,2.257573209800042,0.9,0.1
,,0.1,10,45.57732574388931,0.9864317280145956,,,B1,22,0,coco-000000167353-000000257896,0.7031328837076823,156154811.73333335,0.2968671162923177,0.7031328837076823,0.8069314452492673,12.515458334279517,0.2975622641850547,0.008720082099353021,0.0,
,,0.1,10,44.80121007311483,0.9780388907206194,,,B2,22,0,coco-000000167353-000000257896,0.6141766866048177,156108253.86666664,0.38582331339518233,0.6141766866048177,0.7107656247119627,9.05845194122819,0.15652209524217514,0.014037839299696014,0.0,
0.0,0.1,0.1,10,45.000009005482426,0.9792742578777769,0.0,0.1,C0,22,0,coco-000000167353-000000257896,0.1,156417638.4,0.3122103795646699,1.0,1.0,,1.0,2.1629149546000916,0.9,0.1
0.0,0.1,0.1,10,45.00004123297608,0.9792852428579051,0.0,0.1,C1,22,0,coco-000000167353-000000257896,0.1,156341179.73333332,0.3116590214067278,1.0,1.0,,1.0,3.139937451333389,0.9,0.1
0.0,0.1,0.1,10,45.00003317608025,0.9792774931586605,0.0,0.1,C2,22,0,coco-000000167353-000000257896,0.1,156181026.13333333,0.3128647238711999,1.0,1.0,,1.0,2.63648568689993,0.9,0.1
0.0,0.1,0.1,10,45.000009005482426,0.9792892331301181,0.0,0.1,C3,22,0,coco-000000167353-000000257896,0.1,156529049.59999996,0.31122429093961745,1.0,1.0,,1.0,1.8676874625336495,0.9,0.1
0.0,0.1,0.1,10,45.000009005482426,0.9793196512029437,0.0,0.1,C3_NP,22,0,coco-000000167353-000000257896,0.1,156340770.13333336,0.31153579780536067,1.0,1.0,,1.0,1.8635591616670357,0.9,0.1
,,0.1,10,46.365431258118754,0.9935132783397622,,,B1,22,0,coco-000000170099-000000214205,0.702350107828776,156875980.79999998,0.29764989217122395,0.702350107828776,0.9186235801035536,14.633861775966466,0.23485476853951362,0.01093264250030188,0.0,
,,0.1,10,44.723680490452075,0.9875231062721836,,,B2,22,0,coco-000000170099-000000214205,0.596906026204427,156378043.73333335,0.40309397379557294,0.596906026204427,0.8375927389568283,9.871012523508794,0.11805551955295353,0.016745690333300443,0.0,
0.0,0.1,0.1,10,45.000009005482426,0.9889665491010756,0.0,0.1,C0,22,0,coco-000000170099-000000214205,0.1,156034389.3333333,0.30792168855309704,1.0,1.0,,1.0,2.395658248566603,0.9,0.1
0.0,0.1,0.1,10,45.000009005482426,0.9888339234900924,0.0,0.1,C1,22,0,coco-000000170099-000000214205,0.1,156288068.26666665,0.3065233555195779,1.0,1.0,,1.0,1.945941545633347,0.9,0.1
0.0,0.1,0.1,10,45.00001706233342,0.988973825540494,0.0,0.1,C2,22,0,coco-000000170099-000000214205,0.1,156444672.0,0.30777507945074056,1.0,1.0,,1.0,1.8673300718001582,0.9,0.1
0.0,0.1,0.1,10,45.00002511919936,0.9888299321622457,0.0,0.1,C3,22,0,coco-000000170099-000000214205,0.1,156409719.46666667,0.30652140672782874,1.0,1.0,,1.0,2.9251684361999652,0.9,0.1
0.0,0.1,0.1,10,45.000009005482426,0.9888142719170994,0.0,0.1,C3_NP,22,0,coco-000000170099-000000214205,0.1,156496827.73333332,0.3061530850872459,1.0,1.0,,1.0,2.380675340099818,0.9,0.1
,,0.1,10,45.576727635280065,0.9924644188112207,,,B1,22,0,coco-000000170116-000000127494,0.7006914774576822,156705860.26666668,0.29930852254231766,0.7006914774576822,0.7919319855049116,12.139541478378387,0.31863244642522387,0.0073479560999961295,0.0,
,,0.1,10,44.86938564973763,0.9872420365175701,,,B2,22,0,coco-000000170116-000000127494,0.6147623697916667,156881169.06666666,0.38523763020833335,0.6147623697916667,0.6774232821572416,8.51497751565464,0.1599939216992455,0.012985365866673721,0.0,
0.0,0.1,0.1,10,45.000009005482426,0.9881246425726993,0.0,0.1,C0,22,0,coco-000000170116-000000127494,0.1,156473480.53333333,0.3094275049469329,1.0,1.0,,1.0,1.9733295112665172,0.9,0.1
0.0,0.1,0.1,10,45.00002511919936,0.9878555266151731,0.0,0.1,C1,22,0,coco-000000170116-000000127494,0.1,156779042.13333333,0.3081318582478863,1.0,1.0,,1.0,1.8136995622332202,0.9,0.1
0.0,0.1,0.1,10,45.00002511919936,0.9881207789053654,0.0,0.1,C2,22,0,coco-000000170116-000000127494,0.1,156813312.00000003,0.3090125622114289,1.0,1.0,,1.0,2.3914216757664084,0.9,0.1
0.0,0.1,0.1,10,45.000049289886874,0.9878843880065837,0.0,0.1,C3,22,0,coco-000000170116-000000127494,0.1,156335445.33333334,0.30778827127181146,1.0,1.0,,1.0,2.220353811899865,0.9,0.1
0.0,0.1,0.1,10,45.00001706233342,0.9878477930625446,0.0,0.1,C3_NP,22,0,coco-000000170116-000000127494,0.1,156539835.73333335,0.3078336931102716,1.0,1.0,,1.0,2.530011647133142,0.9,0.1
,,0.1,10,45.827871974026856,0.9876456202368862,,,B1,22,0,coco-000000170955-000000338986,0.7061698913574219,152510737.06666666,0.29383010864257814,0.7061698913574219,0.8810383660073631,13.8217954426161,0.2866274741468603,0.0072063466666804745,0.0,
,,0.1,10,45.380753537301814,0.9801512872624837,,,B2,22,0,coco-000000170955-000000338986,0.6136243184407552,152690824.53333333,0.3863756815592448,0.6136243184407552,0.7480694398075582,9.905957119394571,0.1456432755597072,0.012446588966607426,0.0,
0.0,0.1,0.1,10,45.000009005482426,0.9784265498501773,0.0,0.1,C0,22,0,coco-000000170955-000000338986,0.1,153105203.20000002,0.30860676380644,1.0,1.0,,1.0,1.9351657085668799,0.9,0.1
0.0,0.1,0.1,10,45.000009005482426,0.9784159105944923,0.0,0.1,C1,22,0,coco-000000170955-000000338986,0.1,152842513.06666666,0.307422198237093,1.0,1.0,,1.0,1.7282677576663747,0.9,0.1
0.0,0.1,0.1,10,45.000009005482426,0.9784040915444964,0.0,0.1,C2,22,0,coco-000000170955-000000338986,0.1,152952012.8,0.30910730347184745,1.0,1.0,,1.0,2.219144546333337,0.9,0.1
0.0,0.1,0.1,10,45.00001706233342,0.978427569993053,0.0,0.1,C3,22,0,coco-000000170955-000000338986,0.1,153074073.6,0.30733690112130485,1.0,1.0,,1.0,1.8977316064336265,0.9,0.1
0.0,0.1,0.1,10,45.000009005482426,0.9784061810241887,0.0,0.1,C3_NP,22,0,coco-000000170955-000000338986,0.1,153116945.06666666,0.3071902920189482,1.0,1.0,,1.0,2.4527610255667844,0.9,0.1
,,0.1,10,45.92151723509805,0.9898333681766035,,,B1,22,0,coco-000000188465-000000167128,0.7086985270182291,153146572.8,0.2913014729817708,0.7086985270182291,0.8895849645361823,14.122014643058753,0.3029566643405062,0.00634958413302229,0.0,
,,0.0,10,,,,,B2,22,0,coco-000000188465-000000167128,,153086907.73333335,,,,,,,,
0.0,0.1,0.1,10,45.00000094864638,0.9892825123757587,0.0,0.1,C0,22,0,coco-000000188465-000000167128,0.1,153108479.99999997,0.3078043113269773,1.0,1.0000000000000002,,1.0,1.8847733901000538,0.9,0.1
0.0,0.1,0.1,10,45.00004123297608,0.9890549492559172,0.0,0.1,C1,22,0,coco-000000188465-000000167128,0.1,152931532.79999998,0.305815494393476,1.0,1.0000000000000002,,1.0,1.9047009847998198,0.9,0.1
0.0,0.1,0.1,10,45.000009005482426,0.9892977634968607,0.0,0.1,C2,22,0,coco-000000188465-000000167128,0.1,153239688.53333333,0.30726344666306893,1.0,1.0000000000000002,,1.0,2.850557825666935,0.9,0.1
0.0,0.1,0.1,10,45.000049289886874,0.9890703362130354,0.0,0.1,C3,22,0,coco-000000188465-000000167128,0.1,152949828.26666665,0.30609162319362,1.0,1.0000000000000002,,1.0,1.9659312855001794,0.9,0.1
0.0,0.1,0.1,10,45.00003317608025,0.989037802218436,0.0,0.1,C3_NP,22,0,coco-000000188465-000000167128,0.1,152928529.06666666,0.30625637104994896,1.0,1.0000000000000002,,1.0,2.686966937400029,0.9,0.1
,,0.1,10,45.897497373432586,0.9890564062559083,,,B1,22,0,coco-000000192191-000000338219,0.7020459493001303,155825493.3333333,0.2979540506998698,0.7020459493001303,0.8468036718037248,13.246265118274048,0.3145504004286671,0.011729493066680637,0.0,
,,0.1,10,44.866337650938036,0.9849613390537112,,,B2,22,0,coco-000000192191-000000338219,0.6147834777832031,156234410.6666667,0.3852165222167968,0.6147834777832031,0.7618804229124241,9.457060486496129,0.15458178892747312,0.01833287430005536,0.0,
0.0,0.1,0.1,10,45.00003317608025,0.9854156987839134,0.0,0.1,C0,22,0,coco-000000192191-000000338219,0.1,156291891.2,0.306661719733765,1.0,1.0,,1.0,3.2429150939335765,0.9,0.1
0.0,0.1,0.1,10,45.00000094864638,0.9855181264054197,0.0,0.1,C1,22,0,coco-000000192191-000000338219,0.1,156917623.46666664,0.3062689632427894,1.0,1.0,,1.0,2.8861638141003523,0.9,0.1
0.0,0.1,0.1,10,45.00004123297608,0.985426924067846,0.0,0.1,C2,22,0,coco-000000192191-000000338219,0.1,156620663.46666664,0.306825718054806,1.0,1.0,,1.0,2.1778064227000873,0.9,0.1
0.0,0.1,0.1,10,45.00000094864638,0.9854924871739253,0.0,0.1,C3,22,0,coco-000000192191-000000338219,0.1,156394018.13333336,0.3054093961743719,1.0,1.0,,1.0,2.254586419633294,0.9,0.1
0.0,0.1,0.1,10,45.00001706233342,0.985513463015994,0.0,0.1,C3_NP,22,0,coco-000000192191-000000338219,0.1,156356198.4,0.3053149547280686,1.0,1.0,,1.0,2.0373044844998125,0.9,0.1
,,0.1,10,45.80040887739879,0.9920293480931074,,,B1,22,0,coco-000000209757-000000186938,0.7028172810872396,153824733.86666667,0.29718271891276044,0.7028172810872396,0.8867562346868926,14.113993313721924,0.30537654842432815,0.00943403376659262,0.0,
,,0.0,10,,,,,B2,22,0,coco-000000209757-000000186938,,153697075.2,,,,,,,,
0.0,0.1,0.1,10,45.00000094864638,0.9887781679828708,0.0,0.1,C0,22,0,coco-000000209757-000000186938,0.1,153691204.26666668,0.3100508184925347,1.0,1.0,,1.0,1.9005859805,0.9,0.1
0.0,0.1,0.1,10,45.000009005482426,0.9886220611984017,0.0,0.1,C1,22,0,coco-000000209757-000000186938,0.1,153493913.6,0.30965866162978956,1.0,1.0,,1.0,2.0696404237999864,0.9,0.1
0.0,0.1,0.1,10,45.00001706233342,0.9887876765642256,0.0,0.1,C2,22,0,coco-000000209757-000000186938,0.1,153548390.4,0.31013791449301437,1.0,1.0,,1.0,2.7221660105664953,0.9,0.1
0.0,0.1,0.1,10,45.000009005482426,0.9886631172432281,0.0,0.1,C3,22,0,coco-000000209757-000000186938,0.1,153755648.0,0.30921823469448945,1.0,1.0,,1.0,1.7753148976667945,0.9,0.1
0.0,0.1,0.1,10,45.00002511919936,0.988665528587012,0.0,0.1,C3_NP,22,0,coco-000000209757-000000186938,0.1,153447082.66666666,0.3093281165677281,1.0,1.0,,1.0,2.461482453000099,0.9,0.1
,,0.1,10,45.84838306758144,0.9903768718393919,,,B1,22,0,coco-000000210299-000000511599,0.7001207987467448,155867818.66666666,0.29987920125325523,0.7001207987467448,0.8692114936552148,13.396737086745542,0.3012285788249414,0.007510125366691984,0.0,
,,0.1,10,45.481499687449734,0.9907707182793187,,,B2,22,0,coco-000000210299-000000511599,0.5988400777180989,156397021.86666667,0.401159922281901,0.5988400777180989,0.7759600503477084,8.879988897262317,0.1408533455596385,0.012488145333433447,0.0,
0.0,0.1,0.1,10,45.00000094864638,0.9895740203827366,0.0,0.1,C0,22,0,coco-000000210299-000000511599,0.1,156304861.86666667,0.3092558613659531,1.0,1.0000000000000002,,1.0,3.048015644599885,0.9,0.1
0.0,0.1,0.1,10,45.00000094864638,0.9895504855941033,0.0,0.1,C1,22,0,coco-000000210299-000000511599,0.1,156314282.6666667,0.3077764286142592,1.0,1.0000000000000002,,1.0,2.9521412656000394,0.9,0.1
0.0,0.1,0.1,10,45.00001706233342,0.9895730992223791,0.0,0.1,C2,22,0,coco-000000210299-000000511599,0.1,156429380.26666665,0.30903954548180124,1.0,1.0000000000000002,,1.0,2.2210699157998532,0.9,0.1
0.0,0.1,0.1,10,45.00001706233342,0.9895708390398129,0.0,0.1,C3,22,0,coco-000000210299-000000511599,0.1,156006673.06666666,0.3081068237692631,1.0,1.0000000000000002,,1.0,1.9487670940335495,0.9,0.1
0.0,0.1,0.1,10,45.00003317608025,0.9895520801481567,0.0,0.1,C3_NP,22,0,coco-000000210299-000000511599,0.1,156457642.6666667,0.30810157702224616,1.0,1.0000000000000002,,1.0,1.9279505269333945,0.9,0.1
,,0.1,10,46.28884404046868,0.9871752620330912,,,B1,22,0,coco-000000229753-000000434297,0.7138865152994791,156434705.0666667,0.2861134847005208,0.7138865152994791,0.8809799324834975,13.812576546740278,0.30992797487162227,0.014040981800220226,0.0,
,,0.0,10,,,,,B2,22,0,coco-000000229753-000000434297,,157124471.46666664,,,,,,,,
0.0,0.1,0.1,10,45.00002511919936,0.9810371291207597,0.0,0.1,C0,22,0,coco-000000229753-000000434297,0.1,156176247.46666667,0.30437503747676437,1.0,1.0,,1.0,2.8791169670663903,0.9,0.1
0.0,0.1,0.1,10,45.00001706233342,0.9814079050464029,0.0,0.1,C1,22,0,coco-000000229753-000000434297,0.1,156206557.86666664,0.3028320441326378,1.0,1.0,,1.0,1.8859004192998934,0.9,0.1
0.0,0.1,0.1,10,45.000009005482426,0.9810332543947468,0.0,0.1,C2,22,0,coco-000000229753-000000434297,0.1,156312098.13333336,0.3041827067218325,1.0,1.0,,1.0,1.918827330433184,0.9,0.1
0.0,0.1,0.1,10,45.00003317608025,0.9813929958184857,0.0,0.1,C3,22,0,coco-000000229753-000000434297,0.1,156180889.6,0.3027884211788691,1.0,1.0,,1.0,3.08093299660001,0.9,0.1
0.0,0.1,0.1,10,45.000009005482426,0.9813877864754212,0.0,0.1,C3_NP,22,0,coco-000000229753-000000434297,0.1,156769211.73333335,0.3030931822270192,1.0,1.0,,1.0,2.20065901533338,0.9,0.1
,,0.1,10,45.66931308239332,0.9848205004107949,,,B1,22,0,coco-000000236784-000000397133,0.7014765421549478,155615232.00000003,0.2985234578450521,0.7014765421549478,0.8171798570288356,12.518963561907366,0.3255743985463323,0.01796770836693516,0.0,
,,0.1,10,44.86193355598157,0.9851362862440108,,,B2,22,0,coco-000000236784-000000397133,0.6154917399088541,155875874.13333336,0.38450826009114586,0.6154917399088541,0.7079462105912443,9.072194753994507,0.16008737861542274,0.014612925900109985,0.0,
0.0,0.1,0.1,10,45.000009005482426,0.9852288480243848,0.0,0.1,C0,22,0,coco-000000236784-000000397133,0.1,156479214.93333334,0.3077158661629789,1.0,1.0000000000000002,,1.0,2.9125497631996646,0.9,0.1
0.0,0.1,0.1,10,45.00000094864638,0.9853359621094006,0.0,0.1,C1,22,0,coco-000000236784-000000397133,0.1,156746683.73333335,0.30673772261198057,1.0,1.0000000000000002,,1.0,2.2099651049666744,0.9,0.1
0.0,0.1,0.1,10,45.00001706233342,0.9852171427048642,0.0,0.1,C2,22,0,coco-000000236784-000000397133,0.1,156496691.2,0.3077515440426935,1.0,1.0000000000000002,,1.0,1.9577960554999663,0.9,0.1
0.0,0.1,0.1,10,45.000009005482426,0.9853392188251962,0.0,0.1,C3,22,0,coco-000000236784-000000397133,0.1,155990152.53333333,0.3065296516159981,1.0,1.0000000000000002,,1.0,2.303899322366548,0.9,0.1
0.0,0.1,0.1,10,45.00000094864638,0.9853260049196223,0.0,0.1,C3_NP,22,0,coco-000000236784-000000397133,0.1,156681011.2,0.30662154464232183,1.0,1.0000000000000002,,1.0,1.8592944818666486,0.9,0.1
,,0.1,10,45.09076847728926,0.9863140205926447,,,B1,22,0,coco-000000244411-000000113051,0.7029759724934896,156929774.93333334,0.29702402750651047,0.7029759724934896,0.708283516102944,11.39114567921228,0.27829819430911634,0.007246691099559636,0.0,
,,0.1,10,44.86560332489581,0.9893083928757683,,,B2,22,0,coco-000000244411-000000113051,0.618938446044922,156573695.99999997,0.3810615539550782,0.618938446044922,0.6114365553387259,7.93701219076075,0.13945893263165315,0.012252317300287054,0.0,
0.0,0.1,0.1,10,45.000009005482426,0.9888128361353707,0.0,0.1,C0,22,0,coco-000000244411-000000113051,0.1,156388966.4,0.30923547400611623,1.0,1.0000000000000002,,1.0,2.022757585633493,0.9,0.1
0.0,0.1,0.1,10,45.00000094864638,0.9889267681775991,0.0,0.1,C1,22,0,coco-000000244411-000000113051,0.1,156605644.8,0.30830590034178806,1.0,1.0000000000000002,,1.0,2.2824349936334327,0.9,0.1
0.0,0.1,0.1,10,45.00001706233342,0.9887819933583517,0.0,0.1,C2,22,0,coco-000000244411-000000113051,0.1,156245060.26666665,0.3093185225160401,1.0,1.0000000000000002,,1.0,3.090327693166606,0.9,0.1
0.0,0.1,0.1,10,45.00000094864638,0.9889028668151744,0.0,0.1,C3,22,0,coco-000000244411-000000113051,0.1,156502698.6666667,0.3079684595550759,1.0,1.0000000000000002,,1.0,1.8216201565664352,0.9,0.1
0.0,0.1,0.1,10,45.00001706233342,0.9888994367227678,0.0,0.1,C3_NP,22,0,coco-000000244411-000000113051,0.1,156405077.3333333,0.3085300113929364,1.0,1.0000000000000002,,1.0,2.133332840133274,0.9,0.1
,,0.1,10,45.83601009458131,0.991150721365338,,,B1,22,0,coco-000000252219-000000292005,0.7083226521809896,156928819.2,0.2916773478190104,0.7083226521809896,0.9128417683998309,14.818996919556124,0.2582625595284663,0.010752872500112667,0.0,
,,0.1,10,44.04123712928232,0.9829501935170747,,,B2,22,0,coco-000000252219-000000292005,0.6121622721354167,156456277.33333334,0.38783772786458337,0.6121622721354167,0.8237635544976264,10.6403138467189,0.13336349898089697,0.014812614066613609,0.0,
0.0,0.1,0.1,10,45.000073460708904,0.9862634044931365,0.0,0.1,C0,22,0,coco-000000252219-000000292005,0.1,156166417.06666666,0.30911839659411167,1.0,1.0,,1.0,3.1919023654663765,0.9,0.1
0.0,0.1,0.1,10,45.00001706233342,0.9866802998856217,0.0,0.1,C1,22,0,coco-000000252219-000000292005,0.1,156462148.26666668,0.30827217125382267,1.0,1.0,,1.0,2.670168009200097,0.9,0.1
0.0,0.1,0.1,10,45.00000094864638,0.9863079912876808,0.0,0.1,C2,22,0,coco-000000252219-000000292005,0.1,156075212.79999998,0.3091708640642802,1.0,1.0,,1.0,2.0162147030670288,0.9,0.1
0.0,0.1,0.1,10,45.00000094864638,0.9866697584843113,0.0,0.1,C3,22,0,coco-000000252219-000000292005,0.1,155820441.6,0.3078585776818373,1.0,1.0,,1.0,2.6013806642334503,0.9,0.1
0.0,0.1,0.1,10,45.00001706233342,0.9866802613218455,0.0,0.1,C3_NP,22,0,coco-000000252219-000000292005,0.1,156218299.73333332,0.308295556754812,1.0,1.0,,1.0,1.9646313257667618,0.9,0.1
,,0.1,10,45.639432357647365,0.9876217486490966,,,B1,22,0,coco-000000270908-000000542856,0.7032201131184895,156539016.53333336,0.2967798868815104,0.7032201131184895,0.8803408017506049,13.13722355525705,0.3310524583214724,0.009176016866270705,0.0,
,,0.1,10,45.4339718380873,0.9830523826965875,,,B2,22,0,coco-000000270908-000000542856,0.6068450927734375,156079172.26666665,0.39315490722656243,0.6068450927734375,0.7878742534789731,8.510534053623198,0.1639955093692494,0.020305403999979415,0.0,
0.0,0.1,0.1,10,45.000009005482426,0.9816623091271278,0.0,0.1,C0,22,0,coco-000000270908-000000542856,0.1,156463513.59999996,0.3097802362535228,1.0,0.9999999999999999,,1.0,2.7908897849663843,0.9,0.1
0.0,0.1,0.1,10,45.00001706233342,0.9817051287035753,0.0,0.1,C1,22,0,coco-000000270908-000000542856,0.1,156183074.13333333,0.3082567308268873,1.0,0.9999999999999999,,1.0,2.0496632388668634,0.9,0.1
0.0,0.1,0.1,10,45.00001706233342,0.981683829084378,0.0,0.1,C2,22,0,coco-000000270908-000000542856,0.1,156400571.7333333,0.30881768303651735,1.0,0.9999999999999999,,1.0,2.1573611207667756,0.9,0.1
0.0,0.1,0.1,10,45.00001706233342,0.9817043705698915,0.0,0.1,C3,22,0,coco-000000270908-000000542856,0.1,156585437.86666664,0.3078779156922708,1.0,0.9999999999999999,,1.0,2.6281075037000243,0.9,0.1
0.0,0.1,0.1,10,45.00000094864638,0.9817042249357806,0.0,0.1,C3_NP,22,0,coco-000000270908-000000542856,0.1,156589670.4,0.30796141392336757,1.0,0.9999999999999999,,1.0,2.032302429433245,0.9,0.1
,,0.1,10,45.292931621340074,0.995264521225589,,,B1,22,0,coco-000000275198-000000227511,0.7010159810384115,155419033.60000002,0.29898401896158855,0.7010159810384115,0.841898575026103,12.447484029551482,0.3239730849144972,0.020074043400078758,0.0,
,,0.1,10,45.4279038858452,0.9910116184584924,,,B2,22,0,coco-000000275198-000000227511,0.593878428141276,156272230.4,0.40612157185872394,0.593878428141276,0.7750608806960552,8.34301189402086,0.15342664090983996,0.013553988433886843,0.0,
0.0,0.1,0.1,10,45.00000094864638,0.9907349566192309,0.0,0.1,C0,22,0,coco-000000275198-000000227511,0.1,156105523.2,0.30748725790010195,1.0,0.9999999999999999,,1.0,2.1564547497000603,0.9,0.1
0.0,0.1,0.1,10,45.000009005482426,0.9905540563312643,0.0,0.1,C1,22,0,coco-000000275198-000000227511,0.1,156387737.6,0.3066013071895425,1.0,0.9999999999999999,,1.0,1.9092333315666719,0.9,0.1
0.0,0.1,0.1,10,45.00004123297608,0.9907396601110072,0.0,0.1,C2,22,0,coco-000000275198-000000227511,0.1,156100334.93333334,0.30717035438028417,1.0,0.9999999999999999,,1.0,2.169907215366523,0.9,0.1
0.0,0.1,0.1,10,45.000049289886874,0.9905461643594009,0.0,0.1,C3,22,0,coco-000000275198-000000227511,0.1,156239735.46666664,0.3060602926185765,1.0,0.9999999999999999,,1.0,2.5747340740666305,0.9,0.1
0.0,0.1,0.1,10,45.00003317608025,0.990563693949962,0.0,0.1,C3_NP,22,0,coco-000000275198-000000227511,0.1,156225399.46666667,0.30681492474665706,1.0,0.9999999999999999,,1.0,2.7943987806665973,0.9,0.1
,,0.1,10,45.01603135906352,0.9968938820953055,,,B1,22,0,coco-000000284725-000000389532,0.7208297729492188,156072072.53333333,0.27917022705078126,0.7208297729492188,0.8723310537168711,11.384654512226053,0.2643614980571943,0.01104397739994359,0.0,
,,0.0,10,,,,,B2,22,0,coco-000000284725-000000389532,,157167616.0,,,,,,,,
0.0,0.1,0.1,10,45.000009005482426,0.991836246791667,0.0,0.1,C0,22,0,coco-000000284725-000000389532,0.1,156250248.53333336,0.30761273010733353,1.0,0.9999999999999998,,1.0,2.669333345366552,0.9,0.1
0.0,0.1,0.1,10,45.00000094864638,0.9915866188828575,0.0,0.1,C1,22,0,coco-000000284725-000000389532,0.1,156288341.3333333,0.3069198596869941,1.0,0.9999999999999998,,1.0,1.874516743432893,0.9,0.1
0.0,0.1,0.1,10,45.00000094864638,0.9918492076440165,0.0,0.1,C2,22,0,coco-000000284725-000000389532,0.1,156311005.86666664,0.307792468669425,1.0,0.9999999999999998,,1.0,1.878608117033279,0.9,0.1
0.0,0.1,0.1,10,45.000009005482426,0.9915824719990486,0.0,0.1,C3,22,0,coco-000000284725-000000389532,0.1,156016640.00000003,0.3070726149787132,1.0,0.9999999999999998,,1.0,2.682857011233075,0.9,0.1
0.0,0.1,0.1,10,45.00002511919936,0.9915772263348387,0.0,0.1,C3_NP,22,0,coco-000000284725-000000389532,0.1,156119586.13333333,0.3076735923727289,1.0,0.9999999999999998,,1.0,2.13040503823316,0.9,0.1
,,0.1,10,45.85702100531171,0.9873964099463226,,,B1,22,0,coco-000000286523-000000353518,0.7063639322916667,157139217.0666667,0.2936360677083333,0.7063639322916667,0.9112891362507977,13.392821008922247,0.31591263079793314,0.010544635233054577,0.0,
,,0.0,10,,,,,B2,22,0,coco-000000286523-000000353518,,156987118.93333334,,,,,,,,
0.0,0.1,0.1,10,45.000009005482426,0.9840763086057678,0.0,0.1,C0,22,0,coco-000000286523-000000353518,0.1,156244241.06666666,0.3093330635006296,1.0,0.9999999999999999,,1.0,3.3538212950335335,0.9,0.1
0.0,0.1,0.1,10,45.00003317608025,0.9834562537410049,0.0,0.1,C1,22,0,coco-000000286523-000000353518,0.1,156674184.53333333,0.3077917191341369,1.0,0.9999999999999999,,1.0,2.98019930413296,0.9,0.1
0.0,0.1,0.1,10,45.00003317608025,0.9840765817499133,0.0,0.1,C2,22,0,coco-000000286523-000000353518,0.1,156216661.3333333,0.3089382083108473,1.0,0.9999999999999999,,1.0,2.2036780647335643,0.9,0.1
0.0,0.1,0.1,10,45.00002511919936,0.9834625012075501,0.0,0.1,C3,22,0,coco-000000286523-000000353518,0.1,156218982.4,0.307785273130659,1.0,0.9999999999999999,,1.0,2.059726605666886,0.9,0.1
0.0,0.1,0.1,10,45.00002511919936,0.9834447595427349,0.0,0.1,C3_NP,22,0,coco-000000286523-000000353518,0.1,156106888.53333333,0.3079417760988187,1.0,0.9999999999999999,,1.0,1.853157659866702,0.9,0.1
,,0.1,10,45.61787577147839,0.9879257182380385,,,B1,22,0,coco-000000289417-000000343076,0.703039296468099,156177749.3333333,0.29696070353190107,0.703039296468099,0.8490313850746496,13.015397859984043,0.33253149692951933,0.017728415133145367,0.0,
,,0.1,10,45.27369357717469,0.975569594805842,,,B2,22,0,coco-000000289417-000000343076,0.6089419047037761,156035208.53333333,0.39105809529622393,0.6089419047037761,0.7288198470231448,8.806258612734482,0.1770704573260604,0.021445245766153677,0.0,
0.0,0.1,0.1,10,45.00000094864638,0.9746721516651797,0.0,0.1,C0,22,0,coco-000000289417-000000343076,0.1,156807167.99999997,0.3118282664747856,1.0,1.0,,1.0,2.8341368116999246,0.9,0.1
0.0,0.1,0.1,10,45.000009005482426,0.9746952012991876,0.0,0.1,C1,22,0,coco-000000289417-000000343076,0.1,156536012.79999998,0.31081549439347606,1.0,1.0,,1.0,2.2640285191331713,0.9,0.1
0.0,0.1,0.1,10,45.00001706233342,0.9746601257657923,0.0,0.1,C2,22,0,coco-000000289417-000000343076,0.1,156532326.4,0.31221352761288,1.0,1.0,,1.0,1.9072153598665562,0.9,0.1
0.0,0.1,0.1,10,45.00002511919936,0.9746750034679567,0.0,0.1,C3,22,0,coco-000000289417-000000343076,0.1,156184302.93333334,0.30997931282604785,1.0,1.0,,1.0,2.3703727423331657,0.9,0.1
0.0,0.1,0.1,10,45.000009005482426,0.9747016856129809,0.0,0.1,C3_NP,22,0,coco-000000289417-000000343076,0.1,156304315.73333335,0.31102056724830607,1.0,1.0,,1.0,1.8504827073665489,0.9,0.1
,,0.1,10,45.94428857933985,0.9878936913682997,,,B1,22,0,coco-000000306893-000000255965,0.7046503702799478,151789977.59999996,0.2953496297200521,0.7046503702799478,0.8769684533626849,13.750065050757925,0.29108711849658864,0.015741368200057573,0.0,
,,0.1,10,43.66710095330065,0.9825500247826447,,,B2,22,0,coco-000000306893-000000255965,0.6194702148437501,152503910.4,0.38052978515625,0.6194702148437501,0.7728818041558465,9.814158206158696,0.1631010790248714,0.019855091833233023,0.0,
0.0,0.1,0.1,10,45.000009005482426,0.9875190733305889,0.0,0.1,C0,22,0,coco-000000306893-000000255965,0.1,152427861.33333334,0.3087974455837381,1.0,1.0000000000000002,,1.0,2.222380558833235,0.9,0.1
0.0,0.1,0.1,10,45.00002511919936,0.9874053373609218,0.0,0.1,C1,22,0,coco-000000306893-000000255965,0.1,152303069.86666667,0.30782889608442765,1.0,1.0000000000000002,,1.0,1.8340794104330296,0.9,0.1
0.0,0.1,0.1,10,45.00002511919936,0.9875427421322934,0.0,0.1,C2,22,0,coco-000000306893-000000255965,0.1,152398916.26666668,0.308756371049949,1.0,1.0000000000000002,,1.0,1.7639105649336364,0.9,0.1
0.0,0.1,0.1,10,45.00000094864638,0.9874133989113361,0.0,0.1,C3,22,0,coco-000000306893-000000255965,0.1,152333380.26666668,0.3073923667326258,1.0,1.0000000000000002,,1.0,2.403799236900037,0.9,0.1
0.0,0.1,0.1,10,45.000009005482426,0.9874275385222472,0.0,0.1,C3_NP,22,0,coco-000000306893-000000255965,0.1,152076288.0,0.30742219823709294,1.0,1.0000000000000002,,1.0,2.032849172899902,0.9,0.1
,,0.1,10,45.74873520362634,0.9899346674055487,,,B1,22,0,coco-000000315492-000000492282,0.7043619791666667,156143342.93333334,0.29563802083333335,0.7043619791666667,0.8437675412168192,13.07446718791985,0.30855648016638926,0.006965704766480485,0.0,
,,0.1,10,45.44710654931805,0.985199672566349,,,B2,22,0,coco-000000315492-000000492282,0.6033409118652344,156099788.8,0.39665908813476564,0.6033409118652344,0.7381636960866347,9.278821755511917,0.1458047442545957,0.011836985066596145,0.0,
0.0,0.1,0.1,10,45.00001706233342,0.9832526816003732,0.0,0.1,C0,22,0,coco-000000315492-000000492282,0.1,156500923.73333332,0.3067026443604965,1.0,0.9999999999999999,,1.0,2.199783888233348,0.9,0.1
0.0,0.1,0.1,10,45.00001706233342,0.9834870902570195,0.0,0.1,C1,22,0,coco-000000315492-000000492282,0.1,156517580.8,0.3057880614019308,1.0,0.9999999999999999,,1.0,2.215083762400112,0.9,0.1
0.0,0.1,0.1,10,45.00001706233342,0.9832600404273709,0.0,0.1,C2,22,0,coco-000000315492-000000492282,0.1,156589943.46666667,0.3065929123943155,1.0,0.9999999999999999,,1.0,2.6867440516000594,0.9,0.1
0.0,0.1,0.1,10,45.00001706233342,0.9834820095001563,0.0,0.1,C3,22,0,coco-000000315492-000000492282,0.1,156925815.46666667,0.3055452119685794,1.0,0.9999999999999999,,1.0,2.016945813000045,0.9,0.1
0.0,0.1,0.1,10,45.000009005482426,0.983474013985077,0.0,0.1,C3_NP,22,0,coco-000000315492-000000492282,0.1,156278784.0,0.30537581699346406,1.0,0.9999999999999999,,1.0,2.5781624027997774,0.9,0.1
,,0.1,10,45.93675483079251,0.992651300219,,,B1,22,0,coco-000000322211-000000495448,0.6995780944824219,156525363.2,0.3004219055175782,0.6995780944824219,0.8811178155620436,13.85964056783623,0.2948878354417078,0.014479979400008839,0.0,
,,0.1,10,44.85362947221347,0.989393860764243,,,B2,22,0,coco-000000322211-000000495448,0.6040377298990884,156248473.60000002,0.39596227010091145,0.6040377298990884,0.7861787968085047,9.539591790912311,0.1381893418171562,0.01408742906672463,0.0,
0.0,0.1,0.1,10,45.000009005482426,0.9897954231314777,0.0,0.1,C0,22,0,coco-000000322211-000000495448,0.1,156337083.73333332,0.31048644840199074,1.0,1.0000000000000002,,1.0,2.5706688346330338,0.9,0.1
0.0,0.1,0.1,10,45.000009005482426,0.9898315202732173,0.0,0.1,C1,22,0,coco-000000322211-000000495448,0.1,156261034.6666667,0.3092732505846375,1.0,1.0000000000000002,,1.0,1.8700349198665815,0.9,0.1
0.0,0.1,0.1,10,45.00000094864638,0.9897881564168186,0.0,0.1,C2,22,0,coco-000000322211-000000495448,0.1,156370534.4,0.31080005396654076,1.0,1.0000000000000002,,1.0,1.9133017742334535,0.9,0.1
0.0,0.1,0.1,10,45.000009005482426,0.9898253263000573,0.0,0.1,C3,22,0,coco-000000322211-000000495448,0.1,156437572.26666668,0.3089672902800264,1.0,1.0000000000000002,,1.0,2.784588474233351,0.9,0.1
0.0,0.1,0.1,10,45.000009005482426,0.9898285780370066,0.0,0.1,C3_NP,22,0,coco-000000322211-000000495448,0.1,156688520.53333333,0.3095062061521857,1.0,1.0000000000000002,,1.0,2.265785633166767,0.9,0.1
,,0.1,10,45.76458788736382,0.9869085322113577,,,B1,22,0,coco-000000340894-000000043435,0.7078112284342448,156768529.06666666,0.29218877156575523,0.7078112284342448,0.9034579194116059,14.421203872393797,0.2774933962750075,0.007257636200059399,0.0,
,,0.0,10,,,,,B2,22,0,coco-000000340894-000000043435,,156693435.73333335,,,,,,,,
0.0,0.1,0.1,10,45.000009005482426,0.9843499562767983,0.0,0.1,C0,22,0,coco-000000340894-000000043435,0.1,156238779.73333335,0.3081948192120886,1.0,1.0,,1.0,2.080269410733308,0.9,0.1
0.0,0.1,0.1,10,45.00000094864638,0.9839565693674249,0.0,0.1,C1,22,0,coco-000000340894-000000043435,0.1,156752691.2,0.3067242309767944,1.0,1.0,,1.0,2.013420674299838,0.9,0.1
0.0,0.1,0.1,10,45.00000094864638,0.9843372221182,0.0,0.1,C2,22,0,coco-000000340894-000000043435,0.1,156600866.1333333,0.3081432511842658,1.0,1.0,,1.0,2.3838296635000007,0.9,0.1
0.0,0.1,0.1,10,45.00000094864638,0.9839685409712985,0.0,0.1,C3,22,0,coco-000000340894-000000043435,0.1,156325341.86666664,0.3079371289800324,1.0,1.0,,1.0,2.218501259266789,0.9,0.1
0.0,0.1,0.1,10,45.00002511919936,0.9839641213560013,0.0,0.1,C3_NP,22,0,coco-000000340894-000000043435,0.1,156181299.2,0.30708835521976374,1.0,1.0,,1.0,2.8794250479998786,0.9,0.1
,,0.1,10,45.93162975139912,0.9938735247007224,,,B1,22,0,coco-000000356248-000000422706,0.7006980895996094,155544098.13333336,0.2993019104003906,0.7006980895996094,0.866262071737275,13.363450869356342,0.28771303093579126,0.006601673232883816,0.0,
,,0.1,10,44.84308708302499,0.9853903892931124,,,B2,22,0,coco-000000356248-000000422706,0.6125178019205728,155884339.2,0.3874821980794271,0.6125178019205728,0.7872158546420429,9.480689135844546,0.141483906568283,0.012720222866846598,0.0,
0.0,0.1,0.1,10,45.000009005482426,0.986667621717055,0.0,0.1,C0,22,0,coco-000000356248-000000422706,0.1,154708377.6,0.3077945673682317,1.0,1.0000000000000002,,1.0,1.9078388524667997,0.9,0.1
0.0,0.1,0.1,10,45.00000094864638,0.9866000671059275,0.0,0.1,C1,22,0,coco-000000356248-000000422706,0.1,155482521.6,0.30645499790130115,1.0,1.0000000000000002,,1.0,3.2020809300665256,0.9,0.1
0.0,0.1,0.1,10,45.000009005482426,0.9866704940041856,0.0,0.1,C2,22,0,coco-000000356248-000000422706,0.1,155481838.93333334,0.30766115008694606,1.0,1.0000000000000002,,1.0,2.9839471815335252,0.9,0.1
0.0,0.1,0.1,10,45.00002511919936,0.9866227602224388,0.0,0.1,C3,22,0,coco-000000356248-000000422706,0.1,155459857.06666666,0.3065534868381603,1.0,1.0000000000000002,,1.0,1.8271995149668026,0.9,0.1
0.0,0.1,0.1,10,45.00002511919936,0.98659749763028,0.0,0.1,C3_NP,22,0,coco-000000356248-000000422706,0.1,155462997.33333334,0.3069125142411705,1.0,1.0000000000000002,,1.0,1.89620891976665,0.9,0.1
,,0.1,10,46.21798648711537,0.9901893996849644,,,B1,22,0,coco-000000386134-000000169356,0.702496083577474,156064972.8,0.29750391642252605,0.702496083577474,0.875259841214605,13.751626060781385,0.3301826258768887,0.01599722240031648,0.0,
,,0.1,10,44.81052494738173,0.9860834848694978,,,B2,22,0,coco-000000386134-000000169356,0.6067921956380209,156379136.0,0.3932078043619792,0.6067921956380209,0.7881351903618679,9.438591568315259,0.16600193984151965,0.01114843773333026,0.0,
0.0,0.1,0.1,10,45.000009005482426,0.9868141687622385,0.0,0.1,C0,22,0,coco-000000386134-000000169356,0.1,156427468.79999998,0.3085391557234515,1.0,1.0,,1.0,2.4158958350000224,0.9,0.1
0.0,0.1,0.1,10,45.00001706233342,0.9867075185253272,0.0,0.1,C1,22,0,coco-000000386134-000000169356,0.1,156599227.73333332,0.3073327037236913,1.0,1.0,,1.0,1.883168756500042,0.9,0.1
0.0,0.1,0.1,10,45.00003317608025,0.986804492423143,0.0,0.1,C2,22,0,coco-000000386134-000000169356,0.1,156281787.73333335,0.30852806260118726,1.0,1.0,,1.0,1.898237782333187,0.9,0.1
0.0,0.1,0.1,10,45.000009005482426,0.9867134867450973,0.0,0.1,C3,22,0,coco-000000386134-000000169356,0.1,156193314.13333336,0.30731561431912213,1.0,1.0,,1.0,2.5201860847331767,0.9,0.1
0.0,0.1,0.1,10,45.00001706233342,0.9867069467468674,0.0,0.1,C3_NP,22,0,coco-000000386134-000000169356,0.1,156304452.26666668,0.30755696468189725,1.0,1.0,,1.0,2.3236375674328884,0.9,0.1
,,0.1,10,45.47037910462384,0.996363930506994,,,B1,22,0,coco-000000388056-000000329456,0.7009086608886719,155843515.73333332,0.2990913391113281,0.7009086608886719,0.8178766072017465,12.253782825809218,0.3165038361697263,0.007530623200121529,0.0,
,,0.0,10,,,,,B2,22,0,coco-000000388056-000000329456,,156010769.06666666,,,,,,,,
0.0,0.1,0.1,10,45.00000094864638,0.9906741587319117,0.0,0.1,C0,22,0,coco-000000388056-000000329456,0.1,156174472.53333333,0.308983780056365,1.0,1.0,,1.0,2.1558601869002816,0.9,0.1
0.0,0.1,0.1,10,45.00001706233342,0.9907942042327742,0.0,0.1,C1,22,0,coco-000000388056-000000329456,0.1,156209015.4666667,0.3078326437608682,1.0,1.0,,1.0,3.2310564943666877,0.9,0.1
0.0,0.1,0.1,10,45.00000094864638,0.9906849234560738,0.0,0.1,C2,22,0,coco-000000388056-000000329456,0.1,156670634.66666666,0.3090214067278288,1.0,1.0,,1.0,2.5584699424665205,0.9,0.1
0.0,0.1,0.1,10,45.00001706233342,0.9907954375069462,0.0,0.1,C3,22,0,coco-000000388056-000000329456,0.1,157061529.6,0.30747886310487493,1.0,1.0,,1.0,1.837850188033432,0.9,0.1
0.0,0.1,0.1,10,45.00002511919936,0.9908118085433492,0.0,0.1,C3_NP,22,0,coco-000000388056-000000329456,0.1,156323703.46666667,0.3080579540684775,1.0,1.0,,1.0,2.0123513131999666,0.9,0.1
,,0.1,10,45.398432384959406,0.9856729009989558,,,B1,22,0,coco-000000392722-000000213547,0.7100669860839843,152746530.13333336,0.2899330139160156,0.7100669860839843,0.8129297037756935,12.80186980249578,0.3411612659197541,0.010872271033258584,0.0,
,,0.1,10,44.82562212354638,0.9854323375384494,,,B2,22,0,coco-000000392722-000000213547,0.6173088073730468,153346047.99999997,0.3826911926269531,0.6173088073730468,0.7150875611105987,8.910097112174462,0.170973432354366,0.014149423366749639,0.0,
0.0,0.1,0.1,10,45.00001706233342,0.9860261836546782,0.0,0.1,C0,22,0,coco-000000392722-000000213547,0.1,153207193.6,0.3104584157822151,1.0,1.0,,1.0,2.0447755479334475,0.9,0.1
0.0,0.1,0.1,10,45.00000094864638,0.9857082886155666,0.0,0.1,C1,22,0,coco-000000392722-000000213547,0.1,152647133.86666667,0.30898153145050067,1.0,1.0,,1.0,2.025914276066942,0.9,0.1
0.0,0.1,0.1,10,45.00002511919936,0.9860473738399145,0.0,0.1,C2,22,0,coco-000000392722-000000213547,0.1,153058645.3333333,0.30947667446183363,1.0,1.0,,1.0,1.9380975649331351,0.9,0.1
0.0,0.1,0.1,10,45.000009005482426,0.9857144304867619,0.0,0.1,C3,22,0,coco-000000392722-000000213547,0.1,152982732.8,0.30886895125022484,1.0,1.0,,1.0,2.83741706890014,0.9,0.1
0.0,0.1,0.1,10,45.000009005482426,0.9857051325140521,0.0,0.1,C3_NP,22,0,coco-000000392722-000000213547,0.1,152955153.06666666,0.3086794687293878,1.0,1.0,,1.0,2.686840068000068,0.9,0.1
,,0.1,10,45.631001842737824,0.9873794884157338,,,B1,22,0,coco-000000412362-000000147745,0.7073997497558594,153138653.86666667,0.2926002502441406,0.7073997497558594,0.8646580534390086,12.509831637200309,0.3320591787790827,0.008730613333439882,0.0,
,,0.1,10,45.34757367053607,0.9831035776862922,,,B2,22,0,coco-000000412362-000000147745,0.6022895812988281,153036117.33333334,0.3977104187011719,0.6022895812988281,0.7671377850213432,7.879372443338882,0.1652631350453044,0.012681858133328205,0.0,
0.0,0.1,0.1,10,45.00003317608025,0.9820710908972744,0.0,0.1,C0,22,0,coco-000000412362-000000147745,0.1,152912827.73333335,0.30919350002998136,1.0,0.9999999999999999,,1.0,1.852640523466592,0.9,0.1
0.0,0.1,0.1,10,45.00002511919936,0.9820756762753456,0.0,0.1,C1,22,0,coco-000000412362-000000147745,0.1,153127594.66666666,0.30794747256700844,1.0,0.9999999999999999,,1.0,1.914559657166501,0.9,0.1
0.0,0.1,0.1,10,45.00001706233342,0.9820739627429826,0.0,0.1,C2,22,0,coco-000000412362-000000147745,0.1,153102472.53333336,0.30917476164777835,1.0,0.9999999999999999,,1.0,2.1675237082332997,0.9,0.1
0.0,0.1,0.1,10,45.00001706233342,0.982065633736523,0.0,0.1,C3,22,0,coco-000000412362-000000147745,0.1,153051682.13333333,0.30775394255561556,1.0,0.9999999999999999,,1.0,2.182348998700157,0.9,0.1
0.0,0.1,0.1,10,45.00001706233342,0.9820832073865488,0.0,0.1,C3_NP,22,0,coco-000000412362-000000147745,0.1,152856302.93333334,0.30757495352881215,1.0,0.9999999999999999,,1.0,2.433352354166285,0.9,0.1
,,0.1,10,45.86718102547276,0.9863236862927224,,,B1,22,0,coco-000000415882-000000236426,0.7040949503580729,157545403.73333332,0.2959050496419271,0.7040949503580729,0.856113740315738,13.282455620417997,0.3160399772051751,0.007007385400053559,0.0,
,,0.0,10,,,,,B2,22,0,coco-000000415882-000000236426,,156574515.2,,,,,,,,
0.0,0.1,0.1,10,45.000009005482426,0.9864359816581058,0.0,0.1,C0,22,0,coco-000000415882-000000236426,0.1,156735214.9333333,0.3082066618696408,1.0,1.0000000000000002,,1.0,2.0876082717333095,0.9,0.1
0.0,0.1,0.1,10,45.000009005482426,0.986344390986113,0.0,0.1,C1,22,0,coco-000000415882-000000236426,0.1,156537378.13333336,0.3076079330814895,1.0,1.0000000000000002,,1.0,2.949428618666752,0.9,0.1
0.0,0.1,0.1,10,45.00000094864638,0.9864411905059803,0.0,0.1,C2,22,0,coco-000000415882-000000236426,0.1,156574651.73333332,0.30808523715296515,1.0,1.0000000000000002,,1.0,2.6632644111998163,0.9,0.1
0.0,0.1,0.1,10,45.00000094864638,0.9863455553883715,0.0,0.1,C3,22,0,coco-000000415882-000000236426,0.1,156712140.8,0.30711443904779034,1.0,1.0000000000000002,,1.0,1.897239747100017,0.9,0.1
0.0,0.1,0.1,10,45.000009005482426,0.9863502024926044,0.0,0.1,C3_NP,22,0,coco-000000415882-000000236426,0.1,156269090.13333333,0.3072522036337471,1.0,1.0000000000000002,,1.0,2.187436467333464,0.9,0.1
,,0.1,10,45.8128167036773,0.9843976713934944,,,B1,22,0,coco-000000440336-000000403385,0.7119222005208334,156101700.2666667,0.2880777994791667,0.7119222005208334,0.8896390046191476,13.82014983185344,0.2887200644724269,0.006608563799939777,0.0,
,,0.1,10,45.1365785235444,0.9811329224985677,,,B2,22,0,coco-000000440336-000000403385,0.6069519042968751,156354013.86666667,0.393048095703125,0.6069519042968751,0.7858480322725431,8.98643737039268,0.13519061912669256,0.013981473433401939,0.0,
0.0,0.1,0.1,10,45.00001706233342,0.9797566138212275,0.0,0.1,C0,22,0,coco-000000440336-000000403385,0.1,156555537.06666666,0.3106928704203394,1.0,1.0000000000000002,,1.0,1.9538663206331575,0.9,0.1
0.0,0.1,0.1,10,45.00000094864638,0.9800244162058677,0.0,0.1,C1,22,0,coco-000000440336-000000403385,0.1,156687291.7333333,0.30911464891767104,1.0,1.0000000000000002,,1.0,2.897608213899912,0.9,0.1
0.0,0.1,0.1,10,45.00003317608025,0.9797810704719125,0.0,0.1,C2,22,0,coco-000000440336-000000403385,0.1,156286566.40000004,0.3106410025784014,1.0,1.0000000000000002,,1.0,3.1734746987665248,0.9,0.1
0.0,0.1,0.1,10,45.00003317608025,0.9800414314717987,0.0,0.1,C3,22,0,coco-000000440336-000000403385,0.1,156269090.13333333,0.3095849073574384,1.0,1.0000000000000002,,1.0,1.8768178100005268,0.9,0.1
0.0,0.1,0.1,10,45.00000094864638,0.9800359267409077,0.0,0.1,C3_NP,22,0,coco-000000440336-000000403385,0.1,156382822.39999998,0.309072375127421,1.0,1.0000000000000002,,1.0,2.223027725533636,0.9,0.1
,,0.1,10,45.71119082178326,0.9838416450816749,,,B1,22,0,coco-000000456292-000000100624,0.7041186014811198,156716100.26666668,0.29588139851888023,0.7041186014811198,0.8196703628675841,12.793156378473263,0.31918971103155946,0.00672961596683308,0.0,
,,0.1,10,43.72661026236667,0.9742633996664581,,,B2,22,0,coco-000000456292-000000100624,0.6345710754394531,156607965.86666667,0.3654289245605469,0.6345710754394531,0.702072717462336,9.494690140836818,0.1862850129161669,0.014677040433283158,0.0,
0.0,0.1,0.1,10,45.00002511919936,0.9794093941245915,0.0,0.1,C0,22,0,coco-000000456292-000000100624,0.1,155753267.2,0.30616252923187626,1.0,0.9999999999999998,,1.0,2.2049237541329303,0.9,0.1
0.0,0.1,0.1,10,45.000009005482426,0.9801065263870348,0.0,0.1,C1,22,0,coco-000000456292-000000100624,0.1,155914513.06666666,0.3053037116987468,1.0,0.9999999999999998,,1.0,2.7449416669667697,0.9,0.1
0.0,0.1,0.1,10,45.00000094864638,0.9794378658067412,0.0,0.1,C2,22,0,coco-000000456292-000000100624,0.1,155832729.60000002,0.30630853870600233,1.0,0.9999999999999998,,1.0,2.2454362243999033,0.9,0.1
0.0,0.1,0.1,10,45.00003317608025,0.9800921923921744,0.0,0.1,C3,22,0,coco-000000456292-000000100624,0.1,155847338.6666667,0.3050676080829885,1.0,0.9999999999999998,,1.0,2.0120259488999483,0.9,0.1
0.0,0.1,0.1,10,45.00001706233342,0.9801025469089325,0.0,0.1,C3_NP,22,0,coco-000000456292-000000100624,0.1,156284381.86666664,0.30541869041194464,1.0,0.9999999999999998,,1.0,1.940065257766643,0.9,0.1
,,0.1,10,43.433952830667316,0.9890828198776138,,,B1,22,0,coco-000000479126-000000199771,0.7286855061848959,156320153.6,0.2713144938151042,0.7286855061848959,0.8684130247542591,12.968606559660962,0.3653593496193898,0.008160906233509497,0.0,
,,0.0,10,,,,,B2,22,0,coco-000000479126-000000199771,,156289570.13333333,,,,,,,,
,,0.0,10,45.00003317608025,0.9877086240287165,,,C0,22,0,coco-000000479126-000000199771,,155991790.93333334,,,,,,,,
,,0.0,10,45.000009005482426,0.987862466772583,,,C1,22,0,coco-000000479126-000000199771,,155950284.79999998,,,,,,,,
,,0.0,10,45.00001706233342,0.9877224496691858,,,C2,22,0,coco-000000479126-000000199771,,156440712.53333333,,,,,,,,
,,0.0,10,45.000009005482426,0.9878220507201382,,,C3,22,0,coco-000000479126-000000199771,,156492322.13333336,,,,,,,,
,,0.0,10,45.00001706233342,0.9878593532044532,,,C3_NP,22,0,coco-000000479126-000000199771,,155841058.13333333,,,,,,,,
,,0.1,10,47.538278382210414,0.9886940151451403,,,B1,22,0,coco-000000500257-000000526103,0.7178126017252604,156463923.2,0.2821873982747396,0.7178126017252604,0.8886935654273455,13.68785049444652,0.3294851642561608,0.012823767633320432,0.0,
,,0.0,10,,,,,B2,22,0,coco-000000500257-000000526103,,155946325.33333334,,,,,,,,
0.0,0.1,0.1,10,45.00004123297608,0.9846932894374463,0.0,0.1,C0,22,0,coco-000000500257-000000526103,0.1,156121361.06666666,0.3062215926125802,1.0,1.0,,1.0,2.6695285274330067,0.9,0.1
0.0,0.1,0.1,10,45.00001706233342,0.9847905169971417,0.0,0.1,C1,22,0,coco-000000500257-000000526103,0.1,156426376.53333336,0.3050248845715656,1.0,1.0,,1.0,2.414198932233255,0.9,0.1
0.0,0.1,0.1,10,45.00001706233342,0.9846663164411229,0.0,0.1,C2,22,0,coco-000000500257-000000526103,0.1,156314555.73333335,0.3064786832164058,1.0,1.0,,1.0,2.0462185699667925,0.9,0.1
0.0,0.1,0.1,10,45.000009005482426,0.984784976393305,0.0,0.1,C3,22,0,coco-000000500257-000000526103,0.1,156354286.93333334,0.30504976914313126,1.0,1.0,,1.0,3.012783171366815,0.9,0.1
0.0,0.1,0.1,10,45.00001706233342,0.984758286206406,0.0,0.1,C3_NP,22,0,coco-000000500257-000000526103,0.1,156587076.26666668,0.30502533429273854,1.0,1.0,,1.0,1.9526803885997652,0.9,0.1
,,0.1,10,44.53219384875631,0.9857805512004527,,,B1,22,0,coco-000000516143-000000451155,0.7264333089192708,155925435.73333332,0.2735666910807291,0.7264333089192708,0.6979801119033484,11.775771158945714,0.27208207730939477,0.007183070599967323,0.0,
,,0.1,10,45.07259201529622,0.985206402325644,,,B2,22,0,coco-000000516143-000000451155,0.6366004943847656,156851677.86666664,0.3633995056152343,0.6366004943847656,0.5726543120097405,8.07965704037037,0.13359214958620805,0.016091088732961605,0.0,
0.0,0.1,0.1,10,45.00002511919936,0.9839014450595057,0.0,0.1,C0,22,0,coco-000000516143-000000451155,0.1,156470613.3333333,0.30997046830964803,1.0,1.0,,1.0,3.101076011833296,0.9,0.1
0.0,0.1,0.1,10,45.00003317608025,0.9840589500083043,0.0,0.1,C1,22,0,coco-000000516143-000000451155,0.1,156117265.06666666,0.30864169215086645,1.0,1.0,,1.0,3.247870695399979,0.9,0.1
0.0,0.1,0.1,10,45.00000094864638,0.983908652395453,0.0,0.1,C2,22,0,coco-000000516143-000000451155,0.1,156920627.2,0.3095867062421299,1.0,1.0,,1.0,2.19425331846669,0.9,0.1
0.0,0.1,0.1,10,45.000009005482426,0.9841061533371767,0.0,0.1,C3,22,0,coco-000000516143-000000451155,0.1,156054732.8,0.3089741860046771,1.0,1.0,,1.0,1.8720268938333295,0.9,0.1
0.0,0.1,0.1,10,45.00001706233342,0.9841150475828326,0.0,0.1,C3_NP,22,0,coco-000000516143-000000451155,0.1,156220211.2,0.3093518018828326,1.0,1.0,,1.0,1.8056545797999202,0.9,0.1
,,0.1,10,45.92942373380542,0.9928393944990235,,,B1,22,0,coco-000000521259-000000506178,0.704724884033203,156550621.86666664,0.29527511596679684,0.704724884033203,0.8475719754730445,13.041852043732204,0.28986010974073995,0.007176579133192718,0.0,
,,0.0,10,,,,,B2,22,0,coco-000000521259-000000506178,,156049954.13333333,,,,,,,,
0.0,0.1,0.1,10,45.000009005482426,0.9881560954242122,0.0,0.1,C0,22,0,coco-000000521259-000000506178,0.1,156162867.2,0.3077428494333513,1.0,1.0,,1.0,2.0562280417998404,0.9,0.1
0.0,0.1,0.1,10,45.00000094864638,0.988122226352951,0.0,0.1,C1,22,0,coco-000000521259-000000506178,0.1,156082449.06666666,0.30664148228098576,1.0,1.0,,1.0,2.0129973088332314,0.9,0.1
0.0,0.1,0.1,10,45.000049289886874,0.9881492691541831,0.0,0.1,C2,22,0,coco-000000521259-000000506178,0.1,156495872.0,0.3074844096660071,1.0,1.0,,1.0,2.592437036333346,0.9,0.1
0.0,0.1,0.1,10,45.000009005482426,0.9881168566367335,0.0,0.1,C3,22,0,coco-000000521259-000000506178,0.1,156400844.8,0.3061853151046351,1.0,1.0,,1.0,2.10281711193317,0.9,0.1
0.0,0.1,0.1,10,45.00000094864638,0.9880937946487235,0.0,0.1,C3_NP,22,0,coco-000000521259-000000506178,0.1,156542429.86666667,0.30672408106973675,1.0,1.0,,1.0,2.8679311911664627,0.9,0.1
,,0.1,10,46.135962561072176,0.9897915806774267,,,B1,22,0,coco-000000528980-000000513181,0.7093411763509115,156915575.46666667,0.29065882364908857,0.7093411763509115,0.8795738319329859,13.976616419472627,0.27841240197112244,0.007394659899970672,0.0,
,,0.1,10,44.7335122834347,0.9838875625598893,,,B2,22,0,coco-000000528980-000000513181,0.613122812906901,156840209.06666666,0.38687718709309893,0.613122812906901,0.7878377076530726,9.743493593367237,0.13320822159075432,0.01613769463322872,0.0,
0.0,0.1,0.1,10,45.00000094864638,0.9843131173419714,0.0,0.1,C0,22,0,coco-000000528980-000000513181,0.1,156378043.73333335,0.3075790010193681,1.0,1.0,,1.0,2.12276420483328,0.9,0.1
0.0,0.1,0.1,10,45.00000094864638,0.9845375869351708,0.0,0.1,C1,22,0,coco-000000528980-000000513181,0.1,156280149.3333333,0.30560592432691736,1.0,1.0,,1.0,2.70189673490028,0.9,0.1
0.0,0.1,0.1,10,45.00000094864638,0.9843162169392649,0.0,0.1,C2,22,0,coco-000000528980-000000513181,0.1,156542020.26666668,0.30738397193739886,1.0,1.0,,1.0,2.4994012560335856,0.9,0.1
0.0,0.1,0.1,10,45.00000094864638,0.9845002427254895,0.0,0.1,C3,22,0,coco-000000528980-000000513181,0.1,156472934.4,0.3058348324039096,1.0,1.0,,1.0,1.9404052673000478,0.9,0.1
0.0,0.1,0.1,10,45.00002511919936,0.9845231071895121,0.0,0.1,C3_NP,22,0,coco-000000528980-000000513181,0.1,156499967.99999997,0.30620555255741444,1.0,1.0,,1.0,1.764147651966838,0.9,0.1
,,0.1,10,45.63923633025736,0.9932813997901556,,,B1,22,0,coco-000000531036-000000089556,0.7062039693196615,157472904.53333336,0.29379603068033855,0.7062039693196615,0.8443012544115135,12.611506834350942,0.33388265065645617,0.017287749566700462,0.0,
,,0.1,10,44.8783466409752,0.9906259634012601,,,B2,22,0,coco-000000531036-000000089556,0.6049400329589844,157196424.53333336,0.39505996704101565,0.6049400329589844,0.7641527860046653,8.442407667406806,0.1614832425995487,0.012278695566904693,0.0,
0.0,0.1,0.1,10,45.00001706233342,0.99114224957505,0.0,0.1,C0,22,0,coco-000000531036-000000089556,0.1,156277691.73333335,0.3079230377166157,1.0,1.0,,1.0,1.8752172782333822,0.9,0.1
0.0,0.1,0.1,10,45.00002511919936,0.9911389518266496,0.0,0.1,C1,22,0,coco-000000531036-000000089556,0.1,156423918.9333333,0.3074208490735744,1.0,1.0,,1.0,2.078938261566873,0.9,0.1
0.0,0.1,0.1,10,45.000049289886874,0.991138029027622,0.0,0.1,C2,22,0,coco-000000531036-000000089556,0.1,156306500.26666668,0.3077382023145649,1.0,1.0,,1.0,2.886404711133279,0.9,0.1
0.0,0.1,0.1,10,45.00000094864638,0.9911383127453579,0.0,0.1,C3,22,0,coco-000000531036-000000089556,0.1,157021798.4,0.3073214606943695,1.0,1.0,,1.0,1.8084703942997293,0.9,0.1
0.0,0.1,0.1,10,45.00000094864638,0.9911344452035442,0.0,0.1,C3_NP,22,0,coco-000000531036-000000089556,0.1,156196181.3333333,0.3072268693410086,1.0,1.0,,1.0,2.5418131841664335,0.9,0.1
,,0.1,10,45.340108807159645,0.9866534172680392,,,B1,22,0,coco-000000551304-000000094336,0.7045628865559895,153508249.6,0.2954371134440104,0.7045628865559895,0.8422598853200822,12.066588519109256,0.32117965601794596,0.00674891370011513,0.0,
,,0.1,10,44.718127310743895,0.9768584556275709,,,B2,22,0,coco-000000551304-000000094336,0.6112035115559896,153510297.6,0.3887964884440104,0.6112035115559896,0.7283342707298474,7.761923643715324,0.17327352336429483,0.02183635133308902,0.0,
0.0,0.1,0.1,10,45.00001706233342,0.978954900146972,0.0,0.1,C0,22,0,coco-000000551304-000000094336,0.1,153064925.86666667,0.31124707681237634,1.0,1.0,,1.0,1.8419268952000494,0.9,0.1
0.0,0.1,0.1,10,45.00000094864638,0.9785990829404435,0.0,0.1,C1,22,0,coco-000000551304-000000094336,0.1,153012906.6666667,0.3097013851412124,1.0,1.0,,1.0,1.9666843739999724,0.9,0.1
0.0,0.1,0.1,10,45.000049289886874,0.9789460318648153,0.0,0.1,C2,22,0,coco-000000551304-000000094336,0.1,153157495.46666667,0.31162034538586075,1.0,1.0,,1.0,2.6826382593000746,0.9,0.1
0.0,0.1,0.1,10,45.00001706233342,0.9785919579168876,0.0,0.1,C3,22,0,coco-000000551304-000000094336,0.1,153450769.06666666,0.3099320921028962,1.0,1.0,,1.0,1.9465684031998538,0.9,0.1
0.0,0.1,0.1,10,45.000049289886874,0.9786075828890096,0.0,0.1,C3_NP,22,0,coco-000000551304-000000094336,0.1,153245559.46666667,0.3099616237932482,1.0,1.0,,1.0,2.437699276466507,0.9,0.1
